id,keywords
862,"[{'id': 931, 'name': 'jealousy'}, {'id': 4290, 'name': 'toy'}, {'id': 5202, 'name': 'boy'}, {'id': 6054, 'name': 'friendship'}, {'id': 9713, 'name': 'friends'}, {'id': 9823, 'name': 'rivalry'}, {'id': 165503, 'name': 'boy next door'}, {'id': 170722, 'name': 'new toy'}, {'id': 187065, 'name': 'toy comes to life'}]"
807,"[{'id': 476, 'name': 'self-fulfilling prophecy'}, {'id': 703, 'name': 'detective'}, {'id': 1470, 'name': 's.w.a.t.'}, {'id': 2231, 'name': 'drug dealer'}, {'id': 3597, 'name': 'evisceration'}, {'id': 3857, 'name': 'lust and impulsiveness'}, {'id': 3927, 'name': 'rage and hate'}, {'id': 3932, 'name': 'pride and vanity'}, {'id': 4138, 'name': 'immoderateness'}, {'id': 4142, 'name': 'insomnia'}, {'id': 5340, 'name': 'investigation'}, {'id': 6125, 'name': 'pension'}, {'id': 6149, 'name': 'police'}, {'id': 10714, 'name': 'serial killer'}]"
11,"[{'id': 803, 'name': 'android'}, {'id': 4270, 'name': 'galaxy'}, {'id': 4271, 'name': 'hermit'}, {'id': 10013, 'name': 'death star'}, {'id': 10016, 'name': 'lightsaber'}, {'id': 10527, 'name': 'jedi'}, {'id': 11107, 'name': 'rescue mission'}, {'id': 11195, 'name': 'empire'}, {'id': 11196, 'name': 'rebellion'}, {'id': 13194, 'name': 'planet'}, {'id': 155336, 'name': 'smuggler'}, {'id': 160134, 'name': 'the force'}, {'id': 161176, 'name': 'space opera'}, {'id': 163295, 'name': 'galactic war'}, {'id': 178710, 'name': 'stormtrooper'}, {'id': 178712, 'name': 'totalitarianism'}]"
101,"[{'id': 242, 'name': 'new york'}, {'id': 417, 'name': 'corruption'}, {'id': 782, 'name': 'assassin'}, {'id': 796, 'name': 'police brutality'}, {'id': 1465, 'name': 'loss of family'}, {'id': 1470, 'name': 's.w.a.t.'}, {'id': 2356, 'name': 'immigrant'}, {'id': 2708, 'name': 'hitman'}, {'id': 4613, 'name': 'training'}, {'id': 9748, 'name': 'revenge'}, {'id': 9826, 'name': 'murder'}, {'id': 9957, 'name': 'loneliness'}, {'id': 10226, 'name': 'neighbor'}, {'id': 10703, 'name': 'tragic love'}, {'id': 34117, 'name': 'cult film'}, {'id': 207268, 'name': 'neo-noir'}, {'id': 233083, 'name': 'complex relationship'}, {'id': 233084, 'name': 'complex characters'}]"
680,"[{'id': 396, 'name': 'transporter'}, {'id': 1411, 'name': 'brothel'}, {'id': 2231, 'name': 'drug dealer'}, {'id': 2792, 'name': 'boxer'}, {'id': 4076, 'name': 'massage'}, {'id': 8627, 'name': 'stolen money'}, {'id': 9730, 'name': 'crime boss'}, {'id': 10104, 'name': 'dance contest'}, {'id': 11242, 'name': 'junkyard'}, {'id': 11423, 'name': 'kamikaze'}, {'id': 11434, 'name': 'ambiguous ending'}, {'id': 11435, 'name': 'briefcase'}, {'id': 11436, 'name': 'redemption'}, {'id': 11442, 'name': 'heirloom'}, {'id': 11446, 'name': 'pulp fiction'}, {'id': 11447, 'name': 'reference to al green'}, {'id': 14604, 'name': 'theft'}, {'id': 14707, 'name': 'brutality'}]"
278,"[{'id': 378, 'name': 'prison'}, {'id': 417, 'name': 'corruption'}, {'id': 796, 'name': 'police brutality'}, {'id': 2885, 'name': 'prison cell'}, {'id': 4779, 'name': 'delinquent'}, {'id': 8622, 'name': 'parole board'}, {'id': 9777, 'name': 'escape from prison'}, {'id': 12662, 'name': 'wrongful imprisonment'}, {'id': 180172, 'name': 'framed for murder'}, {'id': 207883, 'name': '1940s'}]"
13,"[{'id': 422, 'name': 'vietnam veteran'}, {'id': 458, 'name': 'hippie'}, {'id': 791, 'name': 'mentally disabled'}, {'id': 795, 'name': 'running'}, {'id': 818, 'name': 'based on novel'}, {'id': 2956, 'name': 'vietnam'}, {'id': 2957, 'name': 'vietnam war'}, {'id': 6054, 'name': 'friendship'}, {'id': 9673, 'name': 'love'}, {'id': 10235, 'name': 'family relationships'}, {'id': 10624, 'name': 'bully'}, {'id': 157499, 'name': 'mother son relationship'}, {'id': 162365, 'name': 'military'}, {'id': 162934, 'name': 'hugging'}, {'id': 166980, 'name': 'shrimping'}, {'id': 180204, 'name': 'wounded soldier'}, {'id': 187844, 'name': 'flashback'}, {'id': 208143, 'name': 'park bench'}, {'id': 215492, 'name': 'amputee'}]"
8587,"[{'id': 2143, 'name': 'loss of parents'}, {'id': 5276, 'name': 'wild boar'}, {'id': 6464, 'name': 'uncle'}, {'id': 11326, 'name': 'shaman'}, {'id': 11436, 'name': 'redemption'}, {'id': 13084, 'name': 'king'}, {'id': 14767, 'name': 'scar'}, {'id': 18136, 'name': 'hyena'}, {'id': 18153, 'name': 'meerkat'}]"
329,"[{'id': 911, 'name': 'exotic island'}, {'id': 1718, 'name': 'dna'}, {'id': 1719, 'name': 'paleontology'}, {'id': 1720, 'name': 'tyrannosaurus rex'}, {'id': 1764, 'name': 'triceratops'}, {'id': 1765, 'name': 'brontosaurus'}, {'id': 1767, 'name': 'electric fence'}, {'id': 2041, 'name': 'island'}, {'id': 12616, 'name': 'dinosaur'}, {'id': 155582, 'name': 'amusement park'}, {'id': 158340, 'name': 'theme park'}, {'id': 178010, 'name': 'jurassic park'}]"
424,"[{'id': 1382, 'name': 'factory'}, {'id': 1631, 'name': 'concentration camp'}, {'id': 1701, 'name': 'hero'}, {'id': 1739, 'name': 'holocaust'}, {'id': 1956, 'name': 'world war ii'}, {'id': 2652, 'name': 'nazis'}, {'id': 3599, 'name': 'defense industry'}, {'id': 5565, 'name': 'biography'}, {'id': 194409, 'name': 'the holocaust'}]"
78,"[{'id': 310, 'name': 'artificial intelligence'}, {'id': 801, 'name': 'bounty hunter'}, {'id': 4565, 'name': 'dystopia'}, {'id': 6017, 'name': 'genetics'}, {'id': 10718, 'name': 'fugitive'}, {'id': 12190, 'name': 'cyberpunk'}, {'id': 12670, 'name': 'los angeles'}, {'id': 178657, 'name': 'tech noir'}, {'id': 207268, 'name': 'neo-noir'}, {'id': 238847, 'name': 'futurista'}, {'id': 238848, 'name': 'lluvia'}]"
280,"[{'id': 679, 'name': 'cyborg'}, {'id': 1366, 'name': 'shotgun'}, {'id': 4458, 'name': 'post-apocalyptic'}, {'id': 4565, 'name': 'dystopia'}, {'id': 11426, 'name': 'moral ambiguity'}, {'id': 11857, 'name': 'mental institution'}, {'id': 14819, 'name': 'violence'}, {'id': 14946, 'name': 'fictional war'}, {'id': 160131, 'name': 'morphing'}, {'id': 160381, 'name': 'nuclear weapons'}, {'id': 162532, 'name': 'shape shifter'}, {'id': 175468, 'name': 'savior'}, {'id': 175472, 'name': 'catch phrase'}]"
274,"[{'id': 818, 'name': 'based on novel'}, {'id': 6259, 'name': 'psychopath'}, {'id': 8087, 'name': 'horror'}, {'id': 9937, 'name': 'suspense'}, {'id': 10714, 'name': 'serial killer'}, {'id': 12565, 'name': 'psychological thriller'}, {'id': 14895, 'name': 'cannibal'}, {'id': 18525, 'name': 'fbi agent'}, {'id': 33872, 'name': 'animal in cast credits'}, {'id': 208048, 'name': 'cannibalism'}]"
238,"[{'id': 131, 'name': 'italy'}, {'id': 699, 'name': 'love at first sight'}, {'id': 1872, 'name': 'loss of father'}, {'id': 4677, 'name': 'patriarch'}, {'id': 10291, 'name': 'organized crime'}, {'id': 10391, 'name': 'mafia'}, {'id': 10909, 'name': 'lawyer'}, {'id': 11590, 'name': 'italian american'}, {'id': 33421, 'name': 'crime family'}, {'id': 165725, 'name': 'rise to power'}, {'id': 166462, 'name': 'mob boss'}, {'id': 207883, 'name': '1940s'}]"
562,"[{'id': 720, 'name': 'helicopter'}, {'id': 736, 'name': 'journalist'}, {'id': 818, 'name': 'based on novel'}, {'id': 949, 'name': 'terrorist'}, {'id': 1418, 'name': 'skyscraper'}, {'id': 1441, 'name': 'christmas party'}, {'id': 1470, 'name': 's.w.a.t.'}, {'id': 1562, 'name': 'hostage'}, {'id': 1930, 'name': 'kidnapping'}, {'id': 1953, 'name': 'vault'}, {'id': 5572, 'name': 'fistfight'}, {'id': 9826, 'name': 'murder'}, {'id': 10051, 'name': 'heist'}, {'id': 10950, 'name': 'shootout'}, {'id': 12670, 'name': 'los angeles'}, {'id': 13116, 'name': 'one man army'}, {'id': 14601, 'name': 'explosion'}, {'id': 14819, 'name': 'violence'}, {'id': 18525, 'name': 'fbi agent'}, {'id': 33553, 'name': 'walkie talkie'}, {'id': 33965, 'name': 'christmas eve'}, {'id': 162304, 'name': 'elevator shaft'}, {'id': 162914, 'name': 'one night'}, {'id': 219404, 'name': 'action hero'}]"
500,"[{'id': 2052, 'name': 'traitor'}, {'id': 6099, 'name': 'jewelry'}, {'id': 6259, 'name': 'psychopath'}, {'id': 9727, 'name': 'thief'}, {'id': 10051, 'name': 'heist'}, {'id': 10085, 'name': 'betrayal'}, {'id': 10092, 'name': 'mystery'}, {'id': 10685, 'name': 'escape'}, {'id': 10726, 'name': 'gang'}, {'id': 11071, 'name': 'plan gone wrong'}, {'id': 157892, 'name': 'warehouse'}, {'id': 159753, 'name': 'ensemble cast'}, {'id': 170313, 'name': 'all male cast'}, {'id': 171826, 'name': 'told in flashback'}, {'id': 177438, 'name': 'heist gone wrong'}, {'id': 201058, 'name': 'foreshadowing'}, {'id': 207784, 'name': 'rendezvous'}, {'id': 224552, 'name': 'iconic'}, {'id': 233069, 'name': 'set in one room'}, {'id': 233072, 'name': 'uneasy alliance'}, {'id': 233073, 'name': 'rag tag group'}]"
1891,"[{'id': 526, 'name': 'rebel'}, {'id': 803, 'name': 'android'}, {'id': 1423, 'name': 'asteroid'}, {'id': 2902, 'name': 'space battle'}, {'id': 3373, 'name': 'snow storm'}, {'id': 3388, 'name': 'space colony'}, {'id': 9831, 'name': 'spaceship'}, {'id': 10016, 'name': 'lightsaber'}, {'id': 10527, 'name': 'jedi'}, {'id': 10842, 'name': 'good vs evil'}, {'id': 11196, 'name': 'rebellion'}, {'id': 160134, 'name': 'the force'}, {'id': 161176, 'name': 'space opera'}, {'id': 178710, 'name': 'stormtrooper'}, {'id': 210346, 'name': 'wookie'}, {'id': 232452, 'name': 'jedi master'}, {'id': 232453, 'name': 'jedi training'}, {'id': 232454, 'name': 'droid'}]"
85,"[{'id': 83, 'name': 'saving the world'}, {'id': 483, 'name': 'riddle'}, {'id': 485, 'name': 'nepal'}, {'id': 486, 'name': 'himalaya'}, {'id': 487, 'name': 'cairo'}, {'id': 488, 'name': 'moses'}, {'id': 1160, 'name': 'egypt'}, {'id': 1294, 'name': 'whip'}, {'id': 1454, 'name': 'treasure'}, {'id': 1456, 'name': 'medallion'}, {'id': 2650, 'name': 'leather jacket'}, {'id': 2652, 'name': 'nazis'}, {'id': 2656, 'name': 'hat'}, {'id': 2853, 'name': 'mediterranean'}, {'id': 2854, 'name': 'ark of the covenant'}, {'id': 2856, 'name': 'ten commandments'}, {'id': 6956, 'name': 'treasure hunt'}, {'id': 9032, 'name': 'excavation'}, {'id': 11105, 'name': 'swastika'}, {'id': 41586, 'name': 'archaeologist'}, {'id': 176731, 'name': 'indiana jones'}, {'id': 184134, 'name': 'archeology\xa0'}]"
1892,"[{'id': 526, 'name': 'rebel'}, {'id': 1155, 'name': 'brother sister relationship'}, {'id': 2280, 'name': 'emperor'}, {'id': 2902, 'name': 'space battle'}, {'id': 5144, 'name': 'matter of life and death'}, {'id': 9831, 'name': 'spaceship'}, {'id': 10013, 'name': 'death star'}, {'id': 10014, 'name': 'jabba the hutt'}, {'id': 10015, 'name': 'ewoks'}, {'id': 10527, 'name': 'jedi'}, {'id': 161176, 'name': 'space opera'}]"
348,"[{'id': 803, 'name': 'android'}, {'id': 1825, 'name': 'countdown'}, {'id': 1826, 'name': 'space marine'}, {'id': 1828, 'name': 'space suit'}, {'id': 1829, 'name': 'beheading'}, {'id': 4565, 'name': 'dystopia'}, {'id': 6016, 'name': 'biology'}, {'id': 7956, 'name': 'cowardice'}, {'id': 9831, 'name': 'spaceship'}, {'id': 9882, 'name': 'space'}, {'id': 9951, 'name': 'alien'}, {'id': 11322, 'name': 'female protagonist'}, {'id': 12405, 'name': 'outer space'}, {'id': 157634, 'name': 'parasite'}, {'id': 181034, 'name': 'h. r. giger'}, {'id': 226177, 'name': 'xenomorph'}]"
218,"[{'id': 83, 'name': 'saving the world'}, {'id': 310, 'name': 'artificial intelligence'}, {'id': 526, 'name': 'rebel'}, {'id': 679, 'name': 'cyborg'}, {'id': 1366, 'name': 'shotgun'}, {'id': 1373, 'name': 'killer robot'}, {'id': 1381, 'name': 'sun glasses'}, {'id': 4565, 'name': 'dystopia'}, {'id': 15483, 'name': 'car chase'}, {'id': 18069, 'name': 'laser gun'}, {'id': 33556, 'name': 'urban setting'}, {'id': 162484, 'name': 'future war'}]"
694,"[{'id': 612, 'name': 'hotel'}, {'id': 1533, 'name': 'isolation'}, {'id': 1611, 'name': 'hotelier'}, {'id': 1981, 'name': 'colorado'}, {'id': 2158, 'name': 'maze'}, {'id': 3458, 'name': 'bartender'}, {'id': 3598, 'name': 'ax'}, {'id': 6262, 'name': 'delusion'}, {'id': 9957, 'name': 'loneliness'}, {'id': 10241, 'name': 'caretaker'}, {'id': 10629, 'name': 'vision'}, {'id': 10794, 'name': 'snow'}, {'id': 13028, 'name': 'writer'}, {'id': 33457, 'name': 'alcoholic'}, {'id': 190107, 'name': 'snowed in'}, {'id': 198471, 'name': 'off season'}]"
105,"[{'id': 389, 'name': 'clock tower'}, {'id': 830, 'name': 'car race'}, {'id': 949, 'name': 'terrorist'}, {'id': 951, 'name': 'delorean'}, {'id': 952, 'name': 'lightning'}, {'id': 953, 'name': 'guitar'}, {'id': 955, 'name': 'plutonium'}, {'id': 999, 'name': 'sports car'}, {'id': 1436, 'name': 'inventor'}, {'id': 1743, 'name': 'journey in the past'}, {'id': 4379, 'name': 'time travel'}, {'id': 4776, 'name': 'race against time'}, {'id': 9104, 'name': 'partner'}, {'id': 9789, 'name': 'misfit'}, {'id': 10125, 'name': 'mad scientist'}, {'id': 11860, 'name': 'fish out of water'}, {'id': 18425, 'name': 'teenage love'}, {'id': 40850, 'name': 'destiny'}, {'id': 186189, 'name': 'hidden identity'}, {'id': 187376, 'name': 'odd couple'}, {'id': 187710, 'name': 'escapade'}, {'id': 189449, 'name': 'disorder'}, {'id': 206687, 'name': 'chases and races'}, {'id': 206715, 'name': 'love and romance'}, {'id': 206720, 'name': 'teenage life'}, {'id': 206735, 'name': 'misfit partners'}, {'id': 206736, 'name': 'changing the past or future'}, {'id': 206737, 'name': 'getting home'}, {'id': 206738, 'name': 'inventions and discoveries'}]"
18,"[{'id': 402, 'name': 'clone'}, {'id': 444, 'name': 'taxi'}, {'id': 679, 'name': 'cyborg'}, {'id': 1160, 'name': 'egypt'}, {'id': 2964, 'name': 'future'}, {'id': 3622, 'name': 'stowaway'}, {'id': 3801, 'name': 'space travel'}, {'id': 4776, 'name': 'race against time'}, {'id': 6163, 'name': 'arms dealer'}, {'id': 9673, 'name': 'love'}, {'id': 9951, 'name': 'alien'}, {'id': 10093, 'name': 'priest'}, {'id': 10150, 'name': 'end of the world'}, {'id': 10842, 'name': 'good vs evil'}, {'id': 10950, 'name': 'shootout'}, {'id': 11148, 'name': 'police chase'}, {'id': 11290, 'name': 'cab driver'}, {'id': 14512, 'name': 'new york city'}, {'id': 161176, 'name': 'space opera'}, {'id': 162365, 'name': 'military'}, {'id': 164920, 'name': 'opera singer'}, {'id': 169593, 'name': 'resort hotel'}, {'id': 172718, 'name': 'ancient astronaut'}, {'id': 223344, 'name': 'archeologist'}, {'id': 229863, 'name': 'ancient evil'}, {'id': 234630, 'name': 'cruise liner'}]"
607,"[{'id': 1308, 'name': 'secret identity'}, {'id': 1381, 'name': 'sun glasses'}, {'id': 1568, 'name': 'undercover'}, {'id': 1826, 'name': 'space marine'}, {'id': 2173, 'name': 'illegal immigration'}, {'id': 2428, 'name': 'deportation'}, {'id': 2547, 'name': 'new identity'}, {'id': 3240, 'name': 'giant cockroach'}, {'id': 3242, 'name': 'cannon'}, {'id': 3243, 'name': 'flying saucer'}, {'id': 4751, 'name': 'stay permit'}, {'id': 9951, 'name': 'alien'}, {'id': 174915, 'name': 'fictional government agency'}]"
37165,"[{'id': 2147, 'name': 'claustrophobia'}, {'id': 3979, 'name': 'hidden camera'}, {'id': 4565, 'name': 'dystopia'}, {'id': 10328, 'name': 'reality show'}, {'id': 207063, 'name': 'make believe'}, {'id': 207064, 'name': 'pretend'}]"
597,"[{'id': 2580, 'name': 'shipwreck'}, {'id': 2984, 'name': 'iceberg'}, {'id': 3799, 'name': 'ship'}, {'id': 4210, 'name': 'panic'}, {'id': 4388, 'name': 'titanic'}, {'id': 4953, 'name': 'ocean liner'}, {'id': 6917, 'name': 'epic'}, {'id': 7579, 'name': 'rich woman - poor man'}, {'id': 9673, 'name': 'love'}, {'id': 10617, 'name': 'disaster'}, {'id': 10703, 'name': 'tragic love'}, {'id': 14514, 'name': 'class differences'}, {'id': 156395, 'name': 'imax'}, {'id': 165086, 'name': 'star crossed lovers'}, {'id': 182615, 'name': 'steerage'}, {'id': 182621, 'name': 'salvage'}, {'id': 182625, 'name': 'rich snob'}, {'id': 209714, 'name': '3d'}, {'id': 210184, 'name': '1910s'}]"
165,"[{'id': 390, 'name': 'skateboarding'}, {'id': 391, 'name': 'flying car'}, {'id': 830, 'name': 'car race'}, {'id': 951, 'name': 'delorean'}, {'id': 952, 'name': 'lightning'}, {'id': 956, 'name': 'almanac'}, {'id': 1436, 'name': 'inventor'}, {'id': 4379, 'name': 'time travel'}, {'id': 9663, 'name': 'sequel'}, {'id': 10738, 'name': 'diner'}, {'id': 12026, 'name': 'alternate history'}, {'id': 13130, 'name': 'teenager'}, {'id': 33888, 'name': 'electric guitar'}, {'id': 172251, 'name': 'walking cane'}, {'id': 196664, 'name': 'high school dance'}, {'id': 226370, 'name': 'hoverboard'}, {'id': 226371, 'name': 'video phone'}]"
857,"[{'id': 1327, 'name': 'war crimes'}, {'id': 1430, 'name': 'self sacrifice'}, {'id': 1543, 'name': 'war veteran'}, {'id': 1956, 'name': 'world war ii'}, {'id': 2770, 'name': 'war ship'}, {'id': 3800, 'name': 'airplane'}, {'id': 3930, 'name': 'bravery'}, {'id': 4299, 'name': 'normandy'}, {'id': 4300, 'name': 'parachute'}, {'id': 4302, 'name': 'troops'}, {'id': 4303, 'name': 'waffen ss'}, {'id': 4304, 'name': 'omaha beach'}, {'id': 6092, 'name': 'army'}, {'id': 7956, 'name': 'cowardice'}, {'id': 11108, 'name': 'american flag'}, {'id': 11111, 'name': 'war memorial'}, {'id': 11371, 'name': 'deserted town'}, {'id': 162365, 'name': 'military'}, {'id': 207883, 'name': '1940s'}]"
603,"[{'id': 83, 'name': 'saving the world'}, {'id': 310, 'name': 'artificial intelligence'}, {'id': 312, 'name': 'man vs machine'}, {'id': 490, 'name': 'philosophy'}, {'id': 530, 'name': 'prophecy'}, {'id': 779, 'name': 'martial arts'}, {'id': 1430, 'name': 'self sacrifice'}, {'id': 1721, 'name': 'fight'}, {'id': 3074, 'name': 'insurgence'}, {'id': 4563, 'name': 'virtual reality'}, {'id': 4565, 'name': 'dystopia'}, {'id': 6256, 'name': 'truth'}, {'id': 12190, 'name': 'cyberpunk'}, {'id': 187056, 'name': 'woman director'}, {'id': 194063, 'name': 'messiah'}, {'id': 221385, 'name': 'gnosticism'}]"
1893,"[{'id': 530, 'name': 'prophecy'}, {'id': 1399, 'name': 'senate'}, {'id': 2011, 'name': 'queen'}, {'id': 2063, 'name': 'taskmaster'}, {'id': 4270, 'name': 'galaxy'}, {'id': 4488, 'name': 'apprentice'}, {'id': 6128, 'name': 'taxes'}, {'id': 161176, 'name': 'space opera'}]"
550,"[{'id': 825, 'name': 'support group'}, {'id': 851, 'name': 'dual identity'}, {'id': 1541, 'name': 'nihilism'}, {'id': 3927, 'name': 'rage and hate'}, {'id': 4142, 'name': 'insomnia'}, {'id': 4565, 'name': 'dystopia'}, {'id': 14819, 'name': 'violence'}]"
863,"[{'id': 2598, 'name': 'museum'}, {'id': 3246, 'name': 'prosecution'}, {'id': 3394, 'name': 'identity crisis'}, {'id': 3800, 'name': 'airplane'}, {'id': 4294, 'name': 'flea market'}, {'id': 4295, 'name': 'collector'}, {'id': 4298, 'name': 'teamwork'}, {'id': 6054, 'name': 'friendship'}, {'id': 18031, 'name': 'rescue team'}, {'id': 175343, 'name': 'garage sale'}, {'id': 179431, 'name': 'duringcreditsstinger'}, {'id': 187065, 'name': 'toy comes to life'}, {'id': 209386, 'name': 'personification'}, {'id': 209387, 'name': 'inanimate objects coming to life'}]"
497,"[{'id': 531, 'name': 'southern usa'}, {'id': 577, 'name': 'black people'}, {'id': 791, 'name': 'mentally disabled'}, {'id': 818, 'name': 'based on novel'}, {'id': 2499, 'name': 'heal'}, {'id': 2501, 'name': 'death row'}, {'id': 2881, 'name': 'jail guard'}, {'id': 5571, 'name': 'great depression'}, {'id': 9774, 'name': 'prison guard'}, {'id': 11263, 'name': 'electric chair'}, {'id': 156597, 'name': 'magic realism'}, {'id': 167696, 'name': 'healing'}, {'id': 180162, 'name': 'death row inmate'}, {'id': 214548, 'name': '1930s'}]"
98,"[{'id': 588, 'name': 'rome'}, {'id': 1394, 'name': 'gladiator'}, {'id': 1395, 'name': 'arena'}, {'id': 1399, 'name': 'senate'}, {'id': 1405, 'name': 'roman empire'}, {'id': 2280, 'name': 'emperor'}, {'id': 2831, 'name': 'slavery'}, {'id': 10141, 'name': 'battlefield'}, {'id': 11221, 'name': 'blood'}, {'id': 14704, 'name': 'ancient world'}, {'id': 15300, 'name': 'father daughter relationship'}, {'id': 18543, 'name': 'combat'}, {'id': 157499, 'name': 'mother son relationship'}, {'id': 160840, 'name': 'dream sequence'}, {'id': 179780, 'name': 'chariot'}, {'id': 192230, 'name': 'philosopher'}, {'id': 235791, 'name': 'barbarian horde'}, {'id': 235792, 'name': '2nd century'}, {'id': 235793, 'name': 'successor'}]"
36657,"[{'id': 1852, 'name': 'mutant'}, {'id': 8828, 'name': 'marvel comic'}, {'id': 9715, 'name': 'superhero'}, {'id': 9717, 'name': 'based on comic'}, {'id': 10761, 'name': 'superhuman'}]"
77,"[{'id': 30, 'name': 'individual'}, {'id': 328, 'name': 'insulin'}, {'id': 331, 'name': 'tattoo'}, {'id': 828, 'name': 'waitress'}, {'id': 1453, 'name': 'amnesia'}, {'id': 2669, 'name': 'motel'}, {'id': 3973, 'name': 'insurance salesman'}, {'id': 9748, 'name': 'revenge'}, {'id': 11469, 'name': 'memory loss'}, {'id': 33874, 'name': 'polaroid'}, {'id': 187844, 'name': 'flashback'}, {'id': 207268, 'name': 'neo-noir'}]"
808,"[{'id': 2343, 'name': 'magic'}, {'id': 2434, 'name': 'liberation'}, {'id': 2596, 'name': 'lordship'}, {'id': 3098, 'name': 'castle'}, {'id': 4147, 'name': 'robin hood'}, {'id': 4158, 'name': 'enchantment'}, {'id': 6187, 'name': 'fairy-tale figure'}, {'id': 7376, 'name': 'princess'}, {'id': 9755, 'name': 'parody'}, {'id': 187056, 'name': 'woman director'}, {'id': 189111, 'name': 'ogre'}]"
585,"[{'id': 1299, 'name': 'monster'}, {'id': 3256, 'name': 'infant'}, {'id': 6107, 'name': 'energy supply'}, {'id': 6129, 'name': 'company'}, {'id': 9823, 'name': 'rivalry'}, {'id': 12011, 'name': 'hijinks'}, {'id': 12392, 'name': 'best friend'}, {'id': 13124, 'name': 'scream'}, {'id': 167106, 'name': 'conveyor belt'}, {'id': 204006, 'name': 'energy company'}, {'id': 225061, 'name': 'friend'}]"
671,"[{'id': 616, 'name': 'witch'}, {'id': 1441, 'name': 'christmas party'}, {'id': 2343, 'name': 'magic'}, {'id': 2630, 'name': 'cutting the cord'}, {'id': 3335, 'name': 'halloween'}, {'id': 3650, 'name': 'child hero'}, {'id': 3872, 'name': 'broom'}, {'id': 4238, 'name': 'chosen one'}, {'id': 4456, 'name': 'frog'}, {'id': 170362, 'name': 'fantasy world'}, {'id': 223438, 'name': 'based on young adult novel'}]"
161,"[{'id': 378, 'name': 'prison'}, {'id': 3430, 'name': 'pickpocket'}, {'id': 3688, 'name': 'strip club'}, {'id': 10453, 'name': 'con artist'}, {'id': 10530, 'name': 'atlantic city'}, {'id': 11362, 'name': 'cockney accent'}, {'id': 14570, 'name': 'las vegas'}, {'id': 159355, 'name': 'card dealer'}, {'id': 159358, 'name': 'explosives expert'}, {'id': 159362, 'name': 'black and white scene'}, {'id': 159369, 'name': 'male'}, {'id': 159370, 'name': 'salt lake city utah'}]"
120,"[{'id': 603, 'name': 'elves'}, {'id': 604, 'name': 'dwarves'}, {'id': 606, 'name': 'orcs'}, {'id': 609, 'name': 'middle-earth (tolkien)'}, {'id': 611, 'name': 'hobbit'}, {'id': 818, 'name': 'based on novel'}, {'id': 1262, 'name': 'mountain'}, {'id': 2407, 'name': 'fireworks'}, {'id': 3098, 'name': 'castle'}, {'id': 3347, 'name': 'volcano'}, {'id': 4587, 'name': 'password'}, {'id': 4959, 'name': 'death of a friend'}, {'id': 6464, 'name': 'uncle'}, {'id': 46951, 'name': 'mirror'}, {'id': 177912, 'name': 'wizard'}, {'id': 234213, 'name': 'sword and sorcery'}]"
425,"[{'id': 311, 'name': 'human evolution'}, {'id': 970, 'name': 'parent child relationship'}, {'id': 990, 'name': 'squirrel'}, {'id': 1445, 'name': 'ice'}, {'id': 1452, 'name': 'loss of child'}, {'id': 2078, 'name': 'mammoth'}, {'id': 2079, 'name': 'sloth'}, {'id': 3737, 'name': 'dying and death'}, {'id': 4428, 'name': 'stone age'}, {'id': 10506, 'name': 'prehistoric'}, {'id': 158017, 'name': 'saber-toothed tiger'}, {'id': 159955, 'name': 'cavemen'}, {'id': 166958, 'name': 'prehistoric creature'}, {'id': 178645, 'name': 'prehistoric adventure'}, {'id': 183414, 'name': 'prehistoric times'}, {'id': 192918, 'name': 'prehistoric man'}]"
557,"[{'id': 1014, 'name': 'loss of lover'}, {'id': 3986, 'name': 'spider'}, {'id': 4543, 'name': 'thanksgiving'}, {'id': 5812, 'name': 'bad boss'}, {'id': 6062, 'name': 'hostility'}, {'id': 8828, 'name': 'marvel comic'}, {'id': 9715, 'name': 'superhero'}, {'id': 11794, 'name': 'pokies'}, {'id': 156075, 'name': 'evil'}, {'id': 169887, 'name': 'reference to superman'}, {'id': 189094, 'name': 'goblin'}]"
1894,"[{'id': 1399, 'name': 'senate'}, {'id': 5340, 'name': 'investigation'}, {'id': 6092, 'name': 'army'}, {'id': 10013, 'name': 'death star'}, {'id': 10527, 'name': 'jedi'}, {'id': 11491, 'name': 'cult figure'}, {'id': 13027, 'name': 'wedding'}, {'id': 14819, 'name': 'violence'}, {'id': 14922, 'name': 'kendo'}, {'id': 18069, 'name': 'laser gun'}, {'id': 161176, 'name': 'space opera'}, {'id': 163239, 'name': 'spaceport'}, {'id': 163242, 'name': 'teenage rebellion'}, {'id': 163248, 'name': 'good becoming evil'}, {'id': 163252, 'name': 'alien race'}, {'id': 163255, 'name': 'mechanical hand'}, {'id': 198710, 'name': 'yoda'}]"
129,"[{'id': 616, 'name': 'witch'}, {'id': 970, 'name': 'parent child relationship'}, {'id': 2343, 'name': 'magic'}, {'id': 3762, 'name': 'darkness'}, {'id': 4652, 'name': 'bath house'}, {'id': 5280, 'name': 'ghost world'}, {'id': 33465, 'name': 'parallel world'}, {'id': 155582, 'name': 'amusement park'}, {'id': 196509, 'name': 'youkai'}, {'id': 207695, 'name': 'japanese mythology'}, {'id': 210024, 'name': 'anime'}, {'id': 228740, 'name': 'spirits'}]"
672,"[{'id': 391, 'name': 'flying car'}, {'id': 616, 'name': 'witch'}, {'id': 2343, 'name': 'magic'}, {'id': 2630, 'name': 'cutting the cord'}, {'id': 3650, 'name': 'child hero'}, {'id': 3872, 'name': 'broom'}, {'id': 3873, 'name': ""sorcerer's apprentice""}, {'id': 3884, 'name': 'school of witchcraft'}, {'id': 3891, 'name': 'giant snake'}, {'id': 4252, 'name': 'black magic'}, {'id': 179430, 'name': 'aftercreditsstinger'}]"
121,"[{'id': 603, 'name': 'elves'}, {'id': 606, 'name': 'orcs'}, {'id': 609, 'name': 'middle-earth (tolkien)'}, {'id': 611, 'name': 'hobbit'}, {'id': 818, 'name': 'based on novel'}, {'id': 1653, 'name': 'explosive'}, {'id': 1964, 'name': 'cave'}, {'id': 4268, 'name': 'fort'}, {'id': 6092, 'name': 'army'}, {'id': 10364, 'name': 'mission'}, {'id': 10563, 'name': 'attack'}, {'id': 33788, 'name': 'guide'}, {'id': 177912, 'name': 'wizard'}, {'id': 189093, 'name': 'ring'}, {'id': 234213, 'name': 'sword and sorcery'}]"
640,"[{'id': 3202, 'name': 'con man'}, {'id': 5565, 'name': 'biography'}, {'id': 18525, 'name': 'fbi agent'}, {'id': 172889, 'name': 'overhead camera shot'}, {'id': 177465, 'name': 'attempted jailbreak'}, {'id': 177473, 'name': 'engagement party'}, {'id': 177482, 'name': 'mislaid trust'}, {'id': 214810, 'name': 'bank fraud'}, {'id': 231069, 'name': 'inspired by a true story'}]"
12,"[{'id': 494, 'name': 'father son relationship'}, {'id': 10026, 'name': 'harbor'}, {'id': 14785, 'name': 'underwater'}, {'id': 33759, 'name': 'fish tank'}, {'id': 33760, 'name': 'great barrier reef'}, {'id': 156948, 'name': 'missing child'}, {'id': 179430, 'name': 'aftercreditsstinger'}, {'id': 179431, 'name': 'duringcreditsstinger'}, {'id': 180557, 'name': 'short term memory loss'}, {'id': 180568, 'name': 'clownfish'}, {'id': 180574, 'name': 'father son reunion'}, {'id': 181068, 'name': 'protective father'}]"
22,"[{'id': 911, 'name': 'exotic island'}, {'id': 1318, 'name': 'blacksmith'}, {'id': 1319, 'name': 'east india trading company'}, {'id': 1321, 'name': 'gold'}, {'id': 1459, 'name': 'marriage proposal'}, {'id': 1860, 'name': 'mutiny'}, {'id': 3266, 'name': 'jamaica'}, {'id': 4062, 'name': 'skeleton'}, {'id': 5600, 'name': 'daughter'}, {'id': 5744, 'name': 'governor'}, {'id': 11086, 'name': 'wooden eye'}, {'id': 11087, 'name': 'gold coin'}, {'id': 12988, 'name': 'pirate'}, {'id': 33457, 'name': 'alcoholic'}, {'id': 157186, 'name': 'swashbuckler'}, {'id': 167861, 'name': 'caribbean'}, {'id': 179430, 'name': 'aftercreditsstinger'}, {'id': 185200, 'name': 'pirate ship'}, {'id': 235625, 'name': 'capuchin monkey'}, {'id': 235626, 'name': 'tortuga'}]"
24,"[{'id': 233, 'name': 'japan'}, {'id': 732, 'name': 'coma'}, {'id': 779, 'name': 'martial arts'}, {'id': 780, 'name': 'kung fu'}, {'id': 1449, 'name': 'underworld'}, {'id': 1794, 'name': 'yakuza'}, {'id': 1938, 'name': 'sword'}, {'id': 3582, 'name': 'bride'}, {'id': 9748, 'name': 'revenge'}, {'id': 10292, 'name': 'gore'}, {'id': 10704, 'name': 'female yakuza'}, {'id': 11221, 'name': 'blood'}, {'id': 13027, 'name': 'wedding'}, {'id': 18098, 'name': 'samurai sword'}, {'id': 193521, 'name': 'part animation'}]"
122,"[{'id': 603, 'name': 'elves'}, {'id': 606, 'name': 'orcs'}, {'id': 609, 'name': 'middle-earth (tolkien)'}, {'id': 818, 'name': 'based on novel'}, {'id': 3301, 'name': 'suspicion'}, {'id': 3930, 'name': 'bravery'}, {'id': 6091, 'name': 'war'}, {'id': 9812, 'name': 'honor'}, {'id': 11173, 'name': 'troll'}, {'id': 14707, 'name': 'brutality'}, {'id': 14819, 'name': 'violence'}, {'id': 162846, 'name': 'ghost'}, {'id': 173700, 'name': 'end of trilogy'}, {'id': 207372, 'name': 'quest'}, {'id': 234213, 'name': 'sword and sorcery'}]"
393,"[{'id': 380, 'name': 'brother brother relationship'}, {'id': 1400, 'name': 'swordplay'}, {'id': 1908, 'name': 'katana'}, {'id': 2784, 'name': 'mother role'}, {'id': 3927, 'name': 'rage and hate'}, {'id': 5600, 'name': 'daughter'}, {'id': 6145, 'name': 'right and justice'}, {'id': 9457, 'name': 'single'}, {'id': 179430, 'name': 'aftercreditsstinger'}, {'id': 179431, 'name': 'duringcreditsstinger'}]"
673,"[{'id': 334, 'name': 'flying'}, {'id': 2052, 'name': 'traitor'}, {'id': 2343, 'name': 'magic'}, {'id': 2630, 'name': 'cutting the cord'}, {'id': 3650, 'name': 'child hero'}, {'id': 3872, 'name': 'broom'}, {'id': 3873, 'name': ""sorcerer's apprentice""}, {'id': 3884, 'name': 'school of witchcraft'}, {'id': 3904, 'name': 'griffon'}, {'id': 4252, 'name': 'black magic'}, {'id': 4379, 'name': 'time travel'}, {'id': 12392, 'name': 'best friend'}, {'id': 12564, 'name': 'werewolf'}, {'id': 33783, 'name': 'dark'}, {'id': 33784, 'name': 'muggle'}, {'id': 179430, 'name': 'aftercreditsstinger'}]"
558,"[{'id': 851, 'name': 'dual identity'}, {'id': 2038, 'name': ""love of one's life""}, {'id': 5983, 'name': 'pizza boy'}, {'id': 8828, 'name': 'marvel comic'}, {'id': 9663, 'name': 'sequel'}, {'id': 9715, 'name': 'superhero'}, {'id': 13005, 'name': 'doctor'}, {'id': 14760, 'name': 'scientist'}, {'id': 14991, 'name': 'tentacle'}, {'id': 34079, 'name': 'death'}, {'id': 163074, 'name': 'super villain'}]"
2048,"[{'id': 236, 'name': 'suicide'}, {'id': 310, 'name': 'artificial intelligence'}, {'id': 312, 'name': 'man vs machine'}, {'id': 520, 'name': 'chicago'}, {'id': 818, 'name': 'based on novel'}, {'id': 1701, 'name': 'hero'}, {'id': 2964, 'name': 'future'}, {'id': 3703, 'name': 'law'}, {'id': 4565, 'name': 'dystopia'}, {'id': 6149, 'name': 'police'}, {'id': 9826, 'name': 'murder'}, {'id': 14544, 'name': 'robot'}, {'id': 209714, 'name': '3d'}, {'id': 220903, 'name': 'humanoid robot'}]"
9806,"[{'id': 1308, 'name': 'secret identity'}, {'id': 1328, 'name': 'secret'}, {'id': 1701, 'name': 'hero'}, {'id': 2041, 'name': 'island'}, {'id': 4391, 'name': 'wretch'}, {'id': 4769, 'name': 'supernatural powers'}, {'id': 6110, 'name': 'weapon'}, {'id': 7335, 'name': 'lawsuit'}, {'id': 9715, 'name': 'superhero'}]"
1895,"[{'id': 797, 'name': 'showdown'}, {'id': 10013, 'name': 'death star'}, {'id': 10629, 'name': 'vision'}, {'id': 11491, 'name': 'cult figure'}, {'id': 158449, 'name': 'hatred'}, {'id': 160840, 'name': 'dream sequence'}, {'id': 160946, 'name': 'expectant mother'}, {'id': 161176, 'name': 'space opera'}, {'id': 163272, 'name': 'chancel'}, {'id': 163277, 'name': 'childbirth'}, {'id': 163295, 'name': 'galactic war'}]"
272,"[{'id': 486, 'name': 'himalaya'}, {'id': 779, 'name': 'martial arts'}, {'id': 849, 'name': 'dc comics'}, {'id': 853, 'name': 'crime fighter'}, {'id': 1308, 'name': 'secret identity'}, {'id': 1568, 'name': 'undercover'}, {'id': 1701, 'name': 'hero'}, {'id': 1872, 'name': 'loss of father'}, {'id': 3679, 'name': 'society'}, {'id': 6969, 'name': 'gotham city'}, {'id': 7002, 'name': 'vigilante'}, {'id': 9715, 'name': 'superhero'}, {'id': 9717, 'name': 'based on comic'}, {'id': 9823, 'name': 'rivalry'}, {'id': 10044, 'name': 'tragic hero'}, {'id': 10278, 'name': 'ninja'}, {'id': 10842, 'name': 'good vs evil'}, {'id': 14536, 'name': 'crime'}, {'id': 163455, 'name': 'super powers'}, {'id': 173719, 'name': 'haunted by the past'}, {'id': 179095, 'name': 'evil doctor'}, {'id': 187710, 'name': 'escapade'}, {'id': 206694, 'name': 'master villain'}, {'id': 206700, 'name': 'fighting crime'}, {'id': 206709, 'name': 'unfulfillment'}, {'id': 206715, 'name': 'love and romance'}, {'id': 206716, 'name': 'unfulfilled love'}]"
674,"[{'id': 2343, 'name': 'magic'}, {'id': 3737, 'name': 'dying and death'}, {'id': 3872, 'name': 'broom'}, {'id': 3873, 'name': ""sorcerer's apprentice""}, {'id': 3884, 'name': 'school of witchcraft'}, {'id': 4238, 'name': 'chosen one'}, {'id': 4252, 'name': 'black magic'}, {'id': 6271, 'name': 'boarding school'}, {'id': 10629, 'name': 'vision'}, {'id': 12380, 'name': 'tournament'}, {'id': 13130, 'name': 'teenager'}, {'id': 177912, 'name': 'wizard'}, {'id': 188178, 'name': 'teenage hero'}, {'id': 223438, 'name': 'based on young adult novel'}]"
752,"[{'id': 703, 'name': 'detective'}, {'id': 716, 'name': 'vatican'}, {'id': 1755, 'name': 'fascism'}, {'id': 3099, 'name': 'satanism'}, {'id': 3603, 'name': 'fascist'}, {'id': 4565, 'name': 'dystopia'}, {'id': 6086, 'name': 'government'}, {'id': 7525, 'name': 'chancellor'}, {'id': 9748, 'name': 'revenge'}, {'id': 11476, 'name': 'personification of satan'}, {'id': 13006, 'name': 'torture'}, {'id': 158449, 'name': 'hatred'}, {'id': 158456, 'name': 'masked vigilante'}, {'id': 161207, 'name': 'catholicism'}, {'id': 172391, 'name': 'catholic priest'}, {'id': 175949, 'name': 'catholic guilt'}, {'id': 189995, 'name': 'jesuit'}, {'id': 198331, 'name': 'vengeful spirit'}, {'id': 208647, 'name': 'activist'}, {'id': 208725, 'name': 'irish catholic'}, {'id': 214978, 'name': 'vengeful'}, {'id': 220888, 'name': 'jesuit priest'}, {'id': 221385, 'name': 'gnosticism'}, {'id': 221387, 'name': 'occultism'}]"
920,"[{'id': 830, 'name': 'car race'}, {'id': 1926, 'name': 'car journey'}, {'id': 3796, 'name': 'auto'}, {'id': 4944, 'name': 'route 66'}, {'id': 4945, 'name': 'wrecker'}, {'id': 4946, 'name': 'porsche'}, {'id': 4948, 'name': 'retirement'}, {'id': 6007, 'name': 'media'}, {'id': 6054, 'name': 'friendship'}, {'id': 6075, 'name': 'sport'}, {'id': 11004, 'name': 'rural setting'}, {'id': 11500, 'name': 'anthropomorphism'}, {'id': 12670, 'name': 'los angeles'}, {'id': 167043, 'name': 'road movie'}, {'id': 179430, 'name': 'aftercreditsstinger'}, {'id': 179431, 'name': 'duringcreditsstinger'}]"
58,"[{'id': 616, 'name': 'witch'}, {'id': 663, 'name': 'fortune teller'}, {'id': 910, 'name': 'bondage'}, {'id': 911, 'name': 'exotic island'}, {'id': 1299, 'name': 'monster'}, {'id': 1316, 'name': 'captain'}, {'id': 1317, 'name': 'card game'}, {'id': 1319, 'name': 'east india trading company'}, {'id': 1461, 'name': 'compass'}, {'id': 3799, 'name': 'ship'}, {'id': 5600, 'name': 'daughter'}, {'id': 12988, 'name': 'pirate'}, {'id': 157186, 'name': 'swashbuckler'}, {'id': 179430, 'name': 'aftercreditsstinger'}]"
1422,"[{'id': 1568, 'name': 'undercover'}, {'id': 1680, 'name': 'boston'}, {'id': 6149, 'name': 'police'}, {'id': 9713, 'name': 'friends'}, {'id': 10391, 'name': 'mafia'}, {'id': 11199, 'name': 'undercover cop'}, {'id': 11578, 'name': 'mobster'}, {'id': 14617, 'name': 'mole'}, {'id': 177235, 'name': 'state police'}, {'id': 177258, 'name': 'police training'}, {'id': 177259, 'name': 'realtor'}]"
1124,"[{'id': 271, 'name': 'competition'}, {'id': 1328, 'name': 'secret'}, {'id': 1523, 'name': 'obsession'}, {'id': 2343, 'name': 'magic'}, {'id': 3737, 'name': 'dying and death'}, {'id': 4034, 'name': 'class society'}, {'id': 4662, 'name': 'illusion'}, {'id': 4988, 'name': 'tricks'}, {'id': 6062, 'name': 'hostility'}, {'id': 6069, 'name': 'class'}, {'id': 9823, 'name': 'rivalry'}]"
36557,"[{'id': 131, 'name': 'italy'}, {'id': 383, 'name': 'poker'}, {'id': 585, 'name': 'casino'}, {'id': 949, 'name': 'terrorist'}, {'id': 3515, 'name': 'banker'}, {'id': 10594, 'name': 'money'}, {'id': 10609, 'name': 'free running'}, {'id': 13006, 'name': 'torture'}, {'id': 156095, 'name': 'british secret service'}, {'id': 206125, 'name': 'montenegro'}]"
2062,"[{'id': 90, 'name': 'paris'}, {'id': 380, 'name': 'brother brother relationship'}, {'id': 996, 'name': 'expensive restaurant'}, {'id': 1261, 'name': 'river'}, {'id': 1650, 'name': 'cook'}, {'id': 2161, 'name': 'mouse'}, {'id': 2246, 'name': 'confidence'}, {'id': 2405, 'name': 'roof'}, {'id': 2872, 'name': 'window'}, {'id': 2982, 'name': ""leaving one's family""}, {'id': 3640, 'name': 'work'}, {'id': 3910, 'name': 'restaurant critic'}, {'id': 3914, 'name': 'kitchen'}, {'id': 6074, 'name': 'spice'}, {'id': 6148, 'name': 'court'}, {'id': 6808, 'name': 'cookbook'}, {'id': 18035, 'name': 'family'}, {'id': 18293, 'name': 'chef'}, {'id': 189359, 'name': 'rat'}]"
1271,"[{'id': 3597, 'name': 'evisceration'}, {'id': 5538, 'name': 'javelin'}, {'id': 5539, 'name': 'shield'}, {'id': 6092, 'name': 'army'}, {'id': 8637, 'name': 'fall from height'}, {'id': 14704, 'name': 'ancient world'}, {'id': 171603, 'name': 's.a.t.'}, {'id': 190999, 'name': 'minions'}]"
285,"[{'id': 270, 'name': 'ocean'}, {'id': 726, 'name': 'drug abuse'}, {'id': 911, 'name': 'exotic island'}, {'id': 1319, 'name': 'east india trading company'}, {'id': 2038, 'name': ""love of one's life""}, {'id': 2052, 'name': 'traitor'}, {'id': 2580, 'name': 'shipwreck'}, {'id': 2660, 'name': 'strong woman'}, {'id': 3799, 'name': 'ship'}, {'id': 5740, 'name': 'alliance'}, {'id': 5941, 'name': 'calypso'}, {'id': 6155, 'name': 'afterlife'}, {'id': 6211, 'name': 'fighter'}, {'id': 12988, 'name': 'pirate'}, {'id': 157186, 'name': 'swashbuckler'}, {'id': 179430, 'name': 'aftercreditsstinger'}]"
1858,"[{'id': 2535, 'name': 'destroy'}, {'id': 4375, 'name': 'transformation'}, {'id': 9951, 'name': 'alien'}, {'id': 10542, 'name': 'based on toy'}, {'id': 10607, 'name': 'transformers'}, {'id': 14544, 'name': 'robot'}, {'id': 179431, 'name': 'duringcreditsstinger'}, {'id': 188178, 'name': 'teenage hero'}]"
675,"[{'id': 530, 'name': 'prophecy'}, {'id': 616, 'name': 'witch'}, {'id': 1014, 'name': 'loss of lover'}, {'id': 2343, 'name': 'magic'}, {'id': 2630, 'name': 'cutting the cord'}, {'id': 3650, 'name': 'child hero'}, {'id': 3737, 'name': 'dying and death'}, {'id': 3872, 'name': 'broom'}, {'id': 3873, 'name': ""sorcerer's apprentice""}, {'id': 3884, 'name': 'school of witchcraft'}, {'id': 4252, 'name': 'black magic'}, {'id': 4959, 'name': 'death of a friend'}, {'id': 5147, 'name': 'sorcery'}, {'id': 221387, 'name': 'occultism'}]"
6479,"[{'id': 83, 'name': 'saving the world'}, {'id': 4190, 'name': 'lost civilisation'}, {'id': 4458, 'name': 'post-apocalyptic'}, {'id': 4565, 'name': 'dystopia'}, {'id': 5144, 'name': 'matter of life and death'}, {'id': 6511, 'name': 'alone'}, {'id': 6997, 'name': 'helplessness'}, {'id': 188957, 'name': 'virus'}, {'id': 188973, 'name': 'pandemic'}]"
155,"[{'id': 849, 'name': 'dc comics'}, {'id': 853, 'name': 'crime fighter'}, {'id': 1308, 'name': 'secret identity'}, {'id': 3151, 'name': 'scarecrow'}, {'id': 4426, 'name': 'sadism'}, {'id': 4630, 'name': 'chaos'}, {'id': 6969, 'name': 'gotham city'}, {'id': 7002, 'name': 'vigilante'}, {'id': 9537, 'name': 'joker'}, {'id': 9715, 'name': 'superhero'}, {'id': 9717, 'name': 'based on comic'}, {'id': 10044, 'name': 'tragic hero'}, {'id': 10291, 'name': 'organized crime'}, {'id': 18023, 'name': 'criminal mastermind'}, {'id': 33518, 'name': 'district attorney'}, {'id': 156395, 'name': 'imax'}, {'id': 163074, 'name': 'super villain'}, {'id': 163455, 'name': 'super powers'}, {'id': 230775, 'name': 'batman'}]"
1726,"[{'id': 539, 'name': 'middle east'}, {'id': 6163, 'name': 'arms dealer'}, {'id': 8613, 'name': 'malibu'}, {'id': 8828, 'name': 'marvel comic'}, {'id': 9715, 'name': 'superhero'}, {'id': 9717, 'name': 'based on comic'}, {'id': 12555, 'name': 'tony stark'}, {'id': 173776, 'name': 'iron man'}, {'id': 179430, 'name': 'aftercreditsstinger'}, {'id': 180547, 'name': 'marvel cinematic universe'}, {'id': 208630, 'name': 'counter terrorism'}, {'id': 209756, 'name': 'agent coulson'}]"
8681,"[{'id': 90, 'name': 'paris'}, {'id': 1930, 'name': 'kidnapping'}, {'id': 6019, 'name': 'human trafficking'}, {'id': 10084, 'name': 'rescue'}, {'id': 13059, 'name': 'prostitution'}, {'id': 182045, 'name': 'albanian'}, {'id': 197430, 'name': 'missing daughter'}, {'id': 212801, 'name': 'ex cia agent'}]"
10681,"[{'id': 9799, 'name': 'romantic comedy'}]"
16869,"[{'id': 90, 'name': 'paris'}, {'id': 1008, 'name': 'guerrilla'}, {'id': 1388, 'name': 'cinema'}, {'id': 1430, 'name': 'self sacrifice'}, {'id': 1560, 'name': 'dynamite'}, {'id': 1666, 'name': 'mexican standoff'}, {'id': 1956, 'name': 'world war ii'}, {'id': 2433, 'name': 'jew persecution'}, {'id': 2606, 'name': 'jew'}, {'id': 2652, 'name': 'nazis'}, {'id': 3260, 'name': 'masochism'}, {'id': 4426, 'name': 'sadism'}, {'id': 5470, 'name': 'scalp'}, {'id': 6538, 'name': 'winston churchill'}, {'id': 9851, 'name': 'knife in hand'}, {'id': 10144, 'name': 'anti semitism'}, {'id': 10292, 'name': 'gore'}, {'id': 11105, 'name': 'swastika'}, {'id': 11249, 'name': 'blood bath'}, {'id': 13519, 'name': 'german occupation of france'}, {'id': 14819, 'name': 'violence'}, {'id': 163656, 'name': 'gun violence'}]"
2080,"[{'id': 417, 'name': 'corruption'}, {'id': 1852, 'name': 'mutant'}, {'id': 2792, 'name': 'boxer'}, {'id': 6092, 'name': 'army'}, {'id': 8828, 'name': 'marvel comic'}, {'id': 9715, 'name': 'superhero'}, {'id': 179430, 'name': 'aftercreditsstinger'}, {'id': 179431, 'name': 'duringcreditsstinger'}]"
13475,"[{'id': 1612, 'name': 'spacecraft'}, {'id': 3822, 'name': 'teleportation'}, {'id': 4040, 'name': 'space mission'}, {'id': 4300, 'name': 'parachute'}, {'id': 4379, 'name': 'time travel'}, {'id': 4380, 'name': 'black hole'}, {'id': 5100, 'name': 'supernova'}, {'id': 9675, 'name': 'prequel'}, {'id': 9684, 'name': 'warp speed'}, {'id': 9685, 'name': 'futuristic'}, {'id': 9686, 'name': 'warp engine'}, {'id': 12388, 'name': 'romulans'}, {'id': 12405, 'name': 'outer space'}, {'id': 155212, 'name': 'vulcan'}, {'id': 156282, 'name': 'alternate reality'}, {'id': 161176, 'name': 'space opera'}, {'id': 161184, 'name': 'reboot'}]"
14160,"[{'id': 965, 'name': 'age difference'}, {'id': 1291, 'name': 'central and south america'}, {'id': 9903, 'name': 'balloon'}, {'id': 10336, 'name': 'animation'}, {'id': 175715, 'name': 'floating in the air'}, {'id': 179431, 'name': 'duringcreditsstinger'}, {'id': 221536, 'name': 'exploring'}]"
18785,"[{'id': 3508, 'name': 'underwear'}, {'id': 4809, 'name': 'tiger'}, {'id': 8070, 'name': 'stag night'}, {'id': 11461, 'name': 'hangover'}, {'id': 11462, 'name': 'lost weekend'}, {'id': 11464, 'name': 'bag over head'}, {'id': 11465, 'name': 'chapel'}, {'id': 11467, 'name': 'hit with tire iron'}, {'id': 11469, 'name': 'memory loss'}, {'id': 14570, 'name': 'las vegas'}, {'id': 179431, 'name': 'duringcreditsstinger'}, {'id': 188960, 'name': 'elevator'}]"
767,"[{'id': 616, 'name': 'witch'}, {'id': 2343, 'name': 'magic'}, {'id': 3872, 'name': 'broom'}, {'id': 3884, 'name': 'school of witchcraft'}, {'id': 6333, 'name': 'wizardry'}, {'id': 10164, 'name': 'apparition'}, {'id': 10791, 'name': 'teenage crush'}, {'id': 12564, 'name': 'werewolf'}]"
14161,"[{'id': 2163, 'name': 'civilization'}, {'id': 5096, 'name': 'natural disaster'}, {'id': 10150, 'name': 'end of the world'}, {'id': 10617, 'name': 'disaster'}, {'id': 12332, 'name': 'apocalypse'}, {'id': 14796, 'name': 'destruction'}, {'id': 163398, 'name': 'volcanic eruption'}, {'id': 208090, 'name': 'mayan'}, {'id': 230910, 'name': 'ark'}, {'id': 232318, 'name': 'solar'}, {'id': 232339, 'name': 'destruction  of mankind'}]"
19995,"[{'id': 1463, 'name': 'culture clash'}, {'id': 2964, 'name': 'future'}, {'id': 3386, 'name': 'space war'}, {'id': 3388, 'name': 'space colony'}, {'id': 3679, 'name': 'society'}, {'id': 3801, 'name': 'space travel'}, {'id': 9685, 'name': 'futuristic'}, {'id': 9840, 'name': 'romance'}, {'id': 9882, 'name': 'space'}, {'id': 9951, 'name': 'alien'}, {'id': 10148, 'name': 'tribe'}, {'id': 10158, 'name': 'alien planet'}, {'id': 10987, 'name': 'cgi'}, {'id': 11399, 'name': 'marine'}, {'id': 13065, 'name': 'soldier'}, {'id': 14643, 'name': 'battle'}, {'id': 14720, 'name': 'love affair'}, {'id': 165431, 'name': 'anti war'}, {'id': 193554, 'name': 'power relations'}, {'id': 206690, 'name': 'mind and soul'}, {'id': 209714, 'name': '3d'}]"
10528,"[{'id': 703, 'name': 'detective'}, {'id': 770, 'name': 'scotland yard'}, {'id': 1909, 'name': 'coffin'}, {'id': 4252, 'name': 'black magic'}, {'id': 5638, 'name': 'arrest'}, {'id': 9104, 'name': 'partner'}, {'id': 9401, 'name': 'sherlock holmes'}, {'id': 9826, 'name': 'murder'}, {'id': 10028, 'name': 'steampunk'}, {'id': 11855, 'name': 'pentagram'}, {'id': 33514, 'name': 'clue'}]"
11324,"[{'id': 818, 'name': 'based on novel'}, {'id': 2041, 'name': 'island'}, {'id': 2215, 'name': 'hurricane'}, {'id': 5340, 'name': 'investigation'}, {'id': 10323, 'name': 'psychiatric hospital'}, {'id': 11207, 'name': 'u.s. marshal'}, {'id': 11208, 'name': 'conspiracy theory'}, {'id': 208611, 'name': '1950s'}]"
12155,"[{'id': 818, 'name': 'based on novel'}, {'id': 855, 'name': 'fictional place'}, {'id': 2011, 'name': 'queen'}, {'id': 2486, 'name': 'fantasy'}, {'id': 12552, 'name': 'alice in wonderland'}, {'id': 170362, 'name': 'fantasy world'}, {'id': 209714, 'name': '3d'}]"
10191,"[{'id': 334, 'name': 'flying'}, {'id': 1318, 'name': 'blacksmith'}, {'id': 1395, 'name': 'arena'}, {'id': 2041, 'name': 'island'}, {'id': 3752, 'name': 'night'}, {'id': 3799, 'name': 'ship'}, {'id': 4613, 'name': 'training'}, {'id': 5331, 'name': 'village'}, {'id': 5774, 'name': 'forest'}, {'id': 5895, 'name': 'viking'}, {'id': 6054, 'name': 'friendship'}, {'id': 6253, 'name': 'ignorance'}, {'id': 8044, 'name': 'flight'}, {'id': 9109, 'name': 'nest'}, {'id': 12554, 'name': 'dragon'}, {'id': 14643, 'name': 'battle'}, {'id': 18543, 'name': 'combat'}, {'id': 172784, 'name': 'well'}, {'id': 192913, 'name': 'warrior'}]"
23483,"[{'id': 853, 'name': 'crime fighter'}, {'id': 1308, 'name': 'secret identity'}, {'id': 5451, 'name': 'comic book'}, {'id': 9715, 'name': 'superhero'}, {'id': 9826, 'name': 'murder'}, {'id': 10267, 'name': 'comedy'}, {'id': 10391, 'name': 'mafia'}, {'id': 13130, 'name': 'teenager'}, {'id': 14819, 'name': 'violence'}, {'id': 158651, 'name': 'realism'}, {'id': 185434, 'name': 'rookie'}, {'id': 186846, 'name': 'adaptation'}, {'id': 206298, 'name': 'young adult'}, {'id': 234368, 'name': 'kickass'}]"
10138,"[{'id': 8613, 'name': 'malibu'}, {'id': 8828, 'name': 'marvel comic'}, {'id': 9715, 'name': 'superhero'}, {'id': 9717, 'name': 'based on comic'}, {'id': 9748, 'name': 'revenge'}, {'id': 179430, 'name': 'aftercreditsstinger'}, {'id': 180547, 'name': 'marvel cinematic universe'}]"
10193,"[{'id': 1562, 'name': 'hostage'}, {'id': 3616, 'name': 'college'}, {'id': 4290, 'name': 'toy'}, {'id': 5462, 'name': 'barbie'}, {'id': 10336, 'name': 'animation'}, {'id': 10685, 'name': 'escape'}, {'id': 33794, 'name': 'day care'}, {'id': 158162, 'name': 'teddy bear'}, {'id': 179431, 'name': 'duringcreditsstinger'}, {'id': 187065, 'name': 'toy comes to life'}, {'id': 209386, 'name': 'personification'}, {'id': 209387, 'name': 'inanimate objects coming to life'}, {'id': 224516, 'name': 'toy story'}]"
20352,"[{'id': 4130, 'name': 'adoptive father'}, {'id': 6783, 'name': 'orphanage'}, {'id': 7393, 'name': ""life's dream""}, {'id': 9823, 'name': 'rivalry'}, {'id': 10261, 'name': 'stealing'}, {'id': 10551, 'name': 'ballet'}, {'id': 12663, 'name': 'little girl'}, {'id': 13014, 'name': 'orphan'}, {'id': 15300, 'name': 'father daughter relationship'}, {'id': 156928, 'name': 'tomboy'}, {'id': 157499, 'name': 'mother son relationship'}, {'id': 160097, 'name': 'intelligent'}, {'id': 161155, 'name': 'kids'}, {'id': 179095, 'name': 'evil doctor'}, {'id': 179431, 'name': 'duringcreditsstinger'}, {'id': 190999, 'name': 'minions'}, {'id': 194404, 'name': 'supervillain'}, {'id': 209714, 'name': '3d'}, {'id': 219832, 'name': 'despicable'}, {'id': 235459, 'name': 'cattivissimo'}]"
27205,"[{'id': 1014, 'name': 'loss of lover'}, {'id': 1566, 'name': 'dream'}, {'id': 1930, 'name': 'kidnapping'}, {'id': 2116, 'name': 'sleep'}, {'id': 2117, 'name': 'subconsciousness'}, {'id': 10051, 'name': 'heist'}, {'id': 11436, 'name': 'redemption'}, {'id': 160137, 'name': 'female hero'}]"
44214,"[{'id': 246, 'name': 'dancing'}, {'id': 271, 'name': 'competition'}, {'id': 572, 'name': 'sex'}, {'id': 733, 'name': 'dancer'}, {'id': 1523, 'name': 'obsession'}, {'id': 2340, 'name': 'paranoia'}, {'id': 6255, 'name': 'insanity'}, {'id': 9937, 'name': 'suspense'}, {'id': 10551, 'name': 'ballet'}, {'id': 14512, 'name': 'new york city'}, {'id': 34265, 'name': 'heartbreak'}, {'id': 41329, 'name': 'mental illness'}, {'id': 41410, 'name': 'madness'}, {'id': 173646, 'name': 'swan lake'}, {'id': 187256, 'name': 'ballerina'}, {'id': 191564, 'name': 'body horror'}]"
12444,"[{'id': 417, 'name': 'corruption'}, {'id': 1533, 'name': 'isolation'}, {'id': 2135, 'name': 'radio'}, {'id': 2343, 'name': 'magic'}, {'id': 3822, 'name': 'teleportation'}, {'id': 3930, 'name': 'bravery'}, {'id': 10481, 'name': 'tension'}, {'id': 10563, 'name': 'attack'}, {'id': 12564, 'name': 'werewolf'}]"
51876,"[{'id': 855, 'name': 'fictional place'}, {'id': 6083, 'name': 'politician'}, {'id': 10333, 'name': 'stalking'}, {'id': 10761, 'name': 'superhuman'}, {'id': 13028, 'name': 'writer'}, {'id': 33632, 'name': 'apartment'}, {'id': 156661, 'name': 'threat'}]"
10195,"[{'id': 1508, 'name': 'new mexico'}, {'id': 5149, 'name': 'banishment'}, {'id': 5539, 'name': 'shield'}, {'id': 8828, 'name': 'marvel comic'}, {'id': 9366, 'name': 'hammer'}, {'id': 9715, 'name': 'superhero'}, {'id': 9717, 'name': 'based on comic'}, {'id': 11436, 'name': 'redemption'}, {'id': 179101, 'name': 'norse mythology'}, {'id': 179430, 'name': 'aftercreditsstinger'}, {'id': 180547, 'name': 'marvel cinematic universe'}, {'id': 209714, 'name': '3d'}, {'id': 209818, 'name': 'asgard'}, {'id': 232926, 'name': 'odin'}, {'id': 232932, 'name': 'heimdall'}]"
1865,"[{'id': 658, 'name': 'sea'}, {'id': 1316, 'name': 'captain'}, {'id': 1860, 'name': 'mutiny'}, {'id': 1938, 'name': 'sword'}, {'id': 2569, 'name': 'prime minister'}, {'id': 3180, 'name': 'sailing'}, {'id': 3625, 'name': 'silver'}, {'id': 3799, 'name': 'ship'}, {'id': 4235, 'name': 'duke'}, {'id': 5938, 'name': 'mermaid'}, {'id': 12988, 'name': 'pirate'}, {'id': 13065, 'name': 'soldier'}, {'id': 14643, 'name': 'battle'}, {'id': 157186, 'name': 'swashbuckler'}, {'id': 179430, 'name': 'aftercreditsstinger'}, {'id': 209714, 'name': '3d'}]"
45243,"[{'id': 1381, 'name': 'sun glasses'}, {'id': 6710, 'name': 'interpol'}, {'id': 11199, 'name': 'undercover cop'}, {'id': 11461, 'name': 'hangover'}, {'id': 179431, 'name': 'duringcreditsstinger'}]"
49538,"[{'id': 591, 'name': 'cia'}, {'id': 1852, 'name': 'mutant'}, {'id': 1960, 'name': 'mine'}, {'id': 8828, 'name': 'marvel comic'}, {'id': 9715, 'name': 'superhero'}, {'id': 9717, 'name': 'based on comic'}, {'id': 10761, 'name': 'superhuman'}, {'id': 12995, 'name': 'historical fiction'}, {'id': 18139, 'name': 'nuclear war'}, {'id': 181558, 'name': 'cuban missile crisis'}, {'id': 208731, 'name': 'world war iii'}, {'id': 208992, 'name': '1960s'}]"
12445,"[{'id': 1430, 'name': 'self sacrifice'}, {'id': 2343, 'name': 'magic'}, {'id': 4456, 'name': 'frog'}, {'id': 10821, 'name': 'sorcerer'}, {'id': 10873, 'name': 'school'}, {'id': 177912, 'name': 'wizard'}, {'id': 209714, 'name': '3d'}]"
64690,"[{'id': 5956, 'name': 'stuntman'}, {'id': 8636, 'name': 'blood splatter'}, {'id': 10183, 'name': 'independent film'}, {'id': 11148, 'name': 'police chase'}, {'id': 14687, 'name': 'extreme violence'}, {'id': 14819, 'name': 'violence'}, {'id': 15483, 'name': 'car chase'}, {'id': 47021, 'name': 'bullet'}, {'id': 154892, 'name': 'head stomp'}, {'id': 159700, 'name': 'getaway'}, {'id': 167352, 'name': 'crime lord'}, {'id': 181324, 'name': 'existentialism'}, {'id': 226754, 'name': 'silent protagonist'}, {'id': 234367, 'name': 'great soundtrack'}]"
1771,"[{'id': 242, 'name': 'new york'}, {'id': 279, 'name': 'usa'}, {'id': 1956, 'name': 'world war ii'}, {'id': 2652, 'name': 'nazis'}, {'id': 8828, 'name': 'marvel comic'}, {'id': 9715, 'name': 'superhero'}, {'id': 9717, 'name': 'based on comic'}, {'id': 11064, 'name': 'nazi germany'}, {'id': 15060, 'name': 'period drama'}, {'id': 41523, 'name': 'brooklyn new york city'}, {'id': 173775, 'name': 'captain america'}, {'id': 179430, 'name': 'aftercreditsstinger'}, {'id': 180547, 'name': 'marvel cinematic universe'}, {'id': 209714, 'name': '3d'}]"
61791,"[{'id': 2051, 'name': 'intelligence'}, {'id': 2172, 'name': 'zoo'}, {'id': 4392, 'name': 'cage'}, {'id': 4565, 'name': 'dystopia'}, {'id': 12393, 'name': 'golden gate bridge'}, {'id': 14759, 'name': 'ape'}, {'id': 15149, 'name': 'monkey'}, {'id': 158025, 'name': 'medical research'}, {'id': 158101, 'name': ""alzheimer's disease""}]"
24428,"[{'id': 242, 'name': 'new york'}, {'id': 5539, 'name': 'shield'}, {'id': 8828, 'name': 'marvel comic'}, {'id': 9715, 'name': 'superhero'}, {'id': 9717, 'name': 'based on comic'}, {'id': 14909, 'name': 'alien invasion'}, {'id': 155030, 'name': 'superhero team'}, {'id': 179430, 'name': 'aftercreditsstinger'}, {'id': 179431, 'name': 'duringcreditsstinger'}, {'id': 180547, 'name': 'marvel cinematic universe'}]"
70160,"[{'id': 3298, 'name': 'hallucination'}, {'id': 4565, 'name': 'dystopia'}, {'id': 11322, 'name': 'female protagonist'}, {'id': 18101, 'name': 'bow and arrow'}, {'id': 18106, 'name': 'knife throwing'}, {'id': 18109, 'name': 'knife fight'}, {'id': 18249, 'name': 'game'}, {'id': 53995, 'name': 'archery'}, {'id': 164092, 'name': 'blindness'}, {'id': 179751, 'name': 'glamour'}, {'id': 179776, 'name': 'roasted pig'}, {'id': 179778, 'name': 'sponsor'}, {'id': 179780, 'name': 'chariot'}, {'id': 179781, 'name': 'fictional tv show'}, {'id': 179803, 'name': 'mine explosion'}, {'id': 223438, 'name': 'based on young adult novel'}]"
49026,"[{'id': 849, 'name': 'dc comics'}, {'id': 853, 'name': 'crime fighter'}, {'id': 949, 'name': 'terrorist'}, {'id': 1308, 'name': 'secret identity'}, {'id': 1437, 'name': 'burglar'}, {'id': 3051, 'name': 'hostage drama'}, {'id': 3562, 'name': 'time bomb'}, {'id': 6969, 'name': 'gotham city'}, {'id': 7002, 'name': 'vigilante'}, {'id': 9665, 'name': 'cover-up'}, {'id': 9715, 'name': 'superhero'}, {'id': 9990, 'name': 'villainess'}, {'id': 10044, 'name': 'tragic hero'}, {'id': 13015, 'name': 'terrorism'}, {'id': 14796, 'name': 'destruction'}, {'id': 18933, 'name': 'catwoman'}, {'id': 156082, 'name': 'cat burglar'}, {'id': 156395, 'name': 'imax'}, {'id': 173272, 'name': 'flood'}, {'id': 179093, 'name': 'criminal underworld'}, {'id': 230775, 'name': 'batman'}]"
58574,"[{'id': 1752, 'name': 'detective inspector'}, {'id': 10028, 'name': 'steampunk'}, {'id': 18023, 'name': 'criminal mastermind'}]"
56292,"[{'id': 1721, 'name': 'fight'}, {'id': 9663, 'name': 'sequel'}, {'id': 10364, 'name': 'mission'}, {'id': 14601, 'name': 'explosion'}, {'id': 17992, 'name': 'broken arm'}, {'id': 156395, 'name': 'imax'}, {'id': 156767, 'name': 'nuclear threat'}]"
77338,"[{'id': 3230, 'name': 'male friendship'}, {'id': 4501, 'name': 'masseuse'}, {'id': 6054, 'name': 'friendship'}, {'id': 155697, 'name': 'aristocrat'}, {'id': 165583, 'name': 'interracial friendship'}, {'id': 167982, 'name': 'unlikely friendship'}, {'id': 179431, 'name': 'duringcreditsstinger'}]"
64688,"[{'id': 3230, 'name': 'male friendship'}, {'id': 6270, 'name': 'high school'}, {'id': 9755, 'name': 'parody'}, {'id': 9964, 'name': 'crude humor'}, {'id': 10988, 'name': 'based on tv series'}, {'id': 11199, 'name': 'undercover cop'}, {'id': 167316, 'name': 'buddy cop'}, {'id': 167541, 'name': 'buddy comedy'}, {'id': 179431, 'name': 'duringcreditsstinger'}]"
41154,"[{'id': 4379, 'name': 'time travel'}, {'id': 5455, 'name': 'time machine'}, {'id': 9951, 'name': 'alien'}, {'id': 174915, 'name': 'fictional government agency'}, {'id': 185668, 'name': 'seeing the future'}, {'id': 208756, 'name': 'changing history'}]"
70981,"[{'id': 803, 'name': 'android'}, {'id': 4565, 'name': 'dystopia'}, {'id': 9951, 'name': 'alien'}, {'id': 15285, 'name': 'spin off'}, {'id': 163402, 'name': 'creation'}, {'id': 168835, 'name': 'emergency surgery'}, {'id': 179430, 'name': 'aftercreditsstinger'}, {'id': 181895, 'name': 'stasis'}, {'id': 181900, 'name': 'archeological dig'}, {'id': 181905, 'name': 'god complex'}, {'id': 181908, 'name': 'cave drawing'}, {'id': 233300, 'name': 'genetic mutation'}, {'id': 236312, 'name': 'origins of life'}]"
62177,"[{'id': 388, 'name': 'scotland'}, {'id': 526, 'name': 'rebel'}, {'id': 3930, 'name': 'bravery'}, {'id': 4152, 'name': 'kingdom'}, {'id': 4393, 'name': 'archer'}, {'id': 4896, 'name': 'wish'}, {'id': 10468, 'name': 'bear'}, {'id': 14753, 'name': 'scot'}, {'id': 15161, 'name': 'rebellious daughter'}, {'id': 41538, 'name': 'turns into animal'}, {'id': 53995, 'name': 'archery'}, {'id': 162715, 'name': 'ruins'}, {'id': 179430, 'name': 'aftercreditsstinger'}, {'id': 181181, 'name': 'peace offering'}, {'id': 187056, 'name': 'woman director'}, {'id': 189098, 'name': 'courage'}, {'id': 209714, 'name': '3d'}]"
72105,"[{'id': 6054, 'name': 'friendship'}, {'id': 9673, 'name': 'love'}, {'id': 158162, 'name': 'teddy bear'}, {'id': 187065, 'name': 'toy comes to life'}, {'id': 187084, 'name': 'wishes come true'}]"
1930,"[{'id': 1872, 'name': 'loss of father'}, {'id': 7002, 'name': 'vigilante'}, {'id': 8803, 'name': 'serum'}, {'id': 8828, 'name': 'marvel comic'}, {'id': 156855, 'name': 'scientific experiment'}, {'id': 158124, 'name': 'spider bite'}, {'id': 158456, 'name': 'masked vigilante'}, {'id': 161184, 'name': 'reboot'}, {'id': 163455, 'name': 'super powers'}, {'id': 163561, 'name': 'genetic engineering'}, {'id': 171556, 'name': 'social outcast'}, {'id': 179431, 'name': 'duringcreditsstinger'}]"
37724,"[{'id': 470, 'name': 'spy'}, {'id': 4289, 'name': 'secret agent'}, {'id': 9740, 'name': 'sociopath'}, {'id': 15127, 'name': 'killer'}, {'id': 15478, 'name': 'art gallery'}, {'id': 156095, 'name': 'british secret service'}, {'id': 156345, 'name': 'istanbul turkey'}, {'id': 156395, 'name': 'imax'}, {'id': 159932, 'name': 'uzi'}, {'id': 163841, 'name': 'booby trap'}, {'id': 185071, 'name': 'impersonating a police officer'}, {'id': 185077, 'name': 'macao'}]"
59967,"[{'id': 236, 'name': 'suicide'}, {'id': 782, 'name': 'assassin'}, {'id': 1803, 'name': 'drug addiction'}, {'id': 2964, 'name': 'future'}, {'id': 4379, 'name': 'time travel'}, {'id': 4565, 'name': 'dystopia'}, {'id': 4948, 'name': 'retirement'}, {'id': 5202, 'name': 'boy'}, {'id': 9826, 'name': 'murder'}, {'id': 10291, 'name': 'organized crime'}, {'id': 10614, 'name': 'tragedy'}, {'id': 13129, 'name': 'execution'}, {'id': 14819, 'name': 'violence'}, {'id': 15009, 'name': 'criminal'}, {'id': 18179, 'name': 'drug addict'}, {'id': 177964, 'name': 'contract killer'}, {'id': 207268, 'name': 'neo-noir'}]"
82690,"[{'id': 825, 'name': 'support group'}, {'id': 3977, 'name': 'product placement'}, {'id': 6733, 'name': 'bullying'}, {'id': 10039, 'name': 'racing'}, {'id': 10547, 'name': 'arcade'}, {'id': 11124, 'name': 'medal'}, {'id': 155023, 'name': 'self esteem'}, {'id': 158023, 'name': 'curiosity'}, {'id': 162936, 'name': 'precocious child'}, {'id': 179430, 'name': 'aftercreditsstinger'}, {'id': 179431, 'name': 'duringcreditsstinger'}, {'id': 185859, 'name': 'first person shooter'}, {'id': 185861, 'name': 'glitch'}, {'id': 185863, 'name': 'carefree'}, {'id': 185867, 'name': 'video gamer'}, {'id': 185868, 'name': 'q*bert'}, {'id': 185876, 'name': 'interrupted wedding'}, {'id': 185880, 'name': 'social reject'}]"
82693,"[{'id': 246, 'name': 'dancing'}, {'id': 276, 'name': 'philadelphia'}, {'id': 795, 'name': 'running'}, {'id': 818, 'name': 'based on novel'}, {'id': 894, 'name': 'depression'}, {'id': 3344, 'name': 'letter'}, {'id': 6054, 'name': 'friendship'}, {'id': 10226, 'name': 'neighbor'}, {'id': 41329, 'name': 'mental illness'}, {'id': 155816, 'name': 'ex-wife'}, {'id': 162970, 'name': 'institutionalization'}, {'id': 189447, 'name': 'bipolar'}, {'id': 189881, 'name': 'philadelphia eagles'}]"
87827,"[{'id': 270, 'name': 'ocean'}, {'id': 2580, 'name': 'shipwreck'}, {'id': 4096, 'name': 'hindu'}, {'id': 4809, 'name': 'tiger'}, {'id': 6150, 'name': 'faith'}, {'id': 12971, 'name': 'zookeeper'}, {'id': 18068, 'name': 'teenage boy'}, {'id': 158022, 'name': 'cargo ship'}, {'id': 163000, 'name': 'lifeboat'}, {'id': 163014, 'name': 'injured animal'}]"
49051,"[{'id': 483, 'name': 'riddle'}, {'id': 603, 'name': 'elves'}, {'id': 604, 'name': 'dwarves'}, {'id': 606, 'name': 'orcs'}, {'id': 609, 'name': 'middle-earth (tolkien)'}, {'id': 611, 'name': 'hobbit'}, {'id': 1262, 'name': 'mountain'}, {'id': 177912, 'name': 'wizard'}, {'id': 189092, 'name': 'journey'}, {'id': 189093, 'name': 'ring'}, {'id': 189094, 'name': 'goblin'}, {'id': 189098, 'name': 'courage'}, {'id': 189099, 'name': 'giant'}, {'id': 189102, 'name': 'tunnel'}, {'id': 189103, 'name': 'underground lake'}, {'id': 189108, 'name': 'buried treasure'}, {'id': 189114, 'name': 'climbing a tree'}, {'id': 189115, 'name': 'invisibility'}, {'id': 189119, 'name': 'ancient'}, {'id': 191739, 'name': 'gnomes'}]"
68718,"[{'id': 801, 'name': 'bounty hunter'}, {'id': 1701, 'name': 'hero'}, {'id': 3136, 'name': 'plantation'}, {'id': 3679, 'name': 'society'}, {'id': 6054, 'name': 'friendship'}, {'id': 9713, 'name': 'friends'}, {'id': 9748, 'name': 'revenge'}, {'id': 9823, 'name': 'rivalry'}, {'id': 10084, 'name': 'rescue'}, {'id': 10950, 'name': 'shootout'}, {'id': 12425, 'name': 'racism'}, {'id': 15017, 'name': 'danger'}, {'id': 33780, 'name': 'dentist'}, {'id': 160324, 'name': 'django'}, {'id': 163129, 'name': 'dual role'}, {'id': 179430, 'name': 'aftercreditsstinger'}, {'id': 187376, 'name': 'odd couple'}, {'id': 188772, 'name': 'black slave'}, {'id': 202703, 'name': 'deadly'}, {'id': 206687, 'name': 'chases and races'}, {'id': 207928, 'name': '19th century'}]"
75612,"[{'id': 1612, 'name': 'spacecraft'}, {'id': 4565, 'name': 'dystopia'}, {'id': 9882, 'name': 'space'}, {'id': 11930, 'name': 'drone'}, {'id': 156395, 'name': 'imax'}, {'id': 186497, 'name': 'human vs alien'}]"
68721,"[{'id': 949, 'name': 'terrorist'}, {'id': 5597, 'name': 'war on terror'}, {'id': 6335, 'name': 'tennessee'}, {'id': 8613, 'name': 'malibu'}, {'id': 8828, 'name': 'marvel comic'}, {'id': 9715, 'name': 'superhero'}, {'id': 9717, 'name': 'based on comic'}, {'id': 12555, 'name': 'tony stark'}, {'id': 173776, 'name': 'iron man'}, {'id': 179430, 'name': 'aftercreditsstinger'}, {'id': 180547, 'name': 'marvel cinematic universe'}, {'id': 188721, 'name': 'mandarin'}, {'id': 209714, 'name': '3d'}, {'id': 209748, 'name': 'war machine'}, {'id': 209822, 'name': 'iron patriot'}, {'id': 209823, 'name': 'extremis'}]"
64682,"[{'id': 818, 'name': 'based on novel'}, {'id': 1326, 'name': 'infidelity'}, {'id': 1523, 'name': 'obsession'}, {'id': 3929, 'name': 'hope'}, {'id': 209714, 'name': '3d'}]"
54138,"[{'id': 1612, 'name': 'spacecraft'}, {'id': 6054, 'name': 'friendship'}, {'id': 9663, 'name': 'sequel'}, {'id': 9685, 'name': 'futuristic'}, {'id': 9882, 'name': 'space'}, {'id': 9951, 'name': 'alien'}, {'id': 156395, 'name': 'imax'}, {'id': 161176, 'name': 'space opera'}, {'id': 179569, 'name': 'terrorist bombing'}, {'id': 209714, 'name': '3d'}]"
82992,"[{'id': 830, 'name': 'car race'}, {'id': 9663, 'name': 'sequel'}, {'id': 14536, 'name': 'crime'}, {'id': 33885, 'name': 'car'}, {'id': 159953, 'name': 'automobile racing'}, {'id': 169498, 'name': 'car theft'}]"
75656,"[{'id': 90, 'name': 'paris'}, {'id': 974, 'name': 'bank'}, {'id': 1328, 'name': 'secret'}, {'id': 1812, 'name': 'fbi'}, {'id': 1953, 'name': 'vault'}, {'id': 2343, 'name': 'magic'}, {'id': 2411, 'name': 'new orleans'}, {'id': 5340, 'name': 'investigation'}, {'id': 10051, 'name': 'heist'}, {'id': 10410, 'name': 'conspiracy'}, {'id': 10594, 'name': 'money'}, {'id': 10685, 'name': 'escape'}, {'id': 14512, 'name': 'new york city'}, {'id': 14570, 'name': 'las vegas'}, {'id': 14601, 'name': 'explosion'}]"
49521,"[{'id': 83, 'name': 'saving the world'}, {'id': 849, 'name': 'dc comics'}, {'id': 9715, 'name': 'superhero'}, {'id': 9717, 'name': 'based on comic'}, {'id': 10761, 'name': 'superhuman'}, {'id': 14909, 'name': 'alien invasion'}, {'id': 161184, 'name': 'reboot'}, {'id': 163455, 'name': 'super powers'}, {'id': 229266, 'name': 'dc extended universe'}]"
68726,"[{'id': 4565, 'name': 'dystopia'}, {'id': 10891, 'name': 'giant robot'}, {'id': 11100, 'name': 'giant monster'}, {'id': 12332, 'name': 'apocalypse'}, {'id': 156395, 'name': 'imax'}, {'id': 179431, 'name': 'duringcreditsstinger'}, {'id': 209714, 'name': '3d'}]"
72190,"[{'id': 4565, 'name': 'dystopia'}, {'id': 12332, 'name': 'apocalypse'}, {'id': 12377, 'name': 'zombie'}, {'id': 160381, 'name': 'nuclear weapons'}, {'id': 180635, 'name': 'multiple perspectives'}, {'id': 186565, 'name': 'zombie apocalypse'}]"
93456,"[{'id': 4289, 'name': 'secret agent'}, {'id': 7397, 'name': 'bakery'}, {'id': 13072, 'name': 'falling in love'}, {'id': 15300, 'name': 'father daughter relationship'}, {'id': 179431, 'name': 'duringcreditsstinger'}, {'id': 184783, 'name': 'first date'}, {'id': 190999, 'name': 'minions'}, {'id': 209714, 'name': '3d'}]"
76170,"[{'id': 233, 'name': 'japan'}, {'id': 1462, 'name': 'samurai'}, {'id': 1852, 'name': 'mutant'}, {'id': 2504, 'name': 'world war i'}, {'id': 8828, 'name': 'marvel comic'}, {'id': 9715, 'name': 'superhero'}, {'id': 9717, 'name': 'based on comic'}, {'id': 10761, 'name': 'superhuman'}, {'id': 179431, 'name': 'duringcreditsstinger'}]"
49047,"[{'id': 4040, 'name': 'space mission'}, {'id': 6203, 'name': 'loss'}, {'id': 9882, 'name': 'space'}, {'id': 14626, 'name': 'astronaut'}, {'id': 191586, 'name': 'trapped in space'}]"
76338,"[{'id': 8828, 'name': 'marvel comic'}, {'id': 9715, 'name': 'superhero'}, {'id': 9717, 'name': 'based on comic'}, {'id': 171783, 'name': 'hostile takeover'}, {'id': 179101, 'name': 'norse mythology'}, {'id': 179430, 'name': 'aftercreditsstinger'}, {'id': 179431, 'name': 'duringcreditsstinger'}, {'id': 180547, 'name': 'marvel cinematic universe'}, {'id': 209714, 'name': '3d'}, {'id': 209818, 'name': 'asgard'}]"
101299,"[{'id': 271, 'name': 'competition'}, {'id': 818, 'name': 'based on novel'}, {'id': 1310, 'name': 'mentor'}, {'id': 1328, 'name': 'secret'}, {'id': 1382, 'name': 'factory'}, {'id': 2136, 'name': 'television'}, {'id': 2903, 'name': 'propaganda'}, {'id': 2964, 'name': 'future'}, {'id': 4565, 'name': 'dystopia'}, {'id': 5740, 'name': 'alliance'}, {'id': 6186, 'name': 'games'}, {'id': 8570, 'name': 'president'}, {'id': 8862, 'name': 'uprising'}, {'id': 9663, 'name': 'sequel'}, {'id': 9826, 'name': 'murder'}, {'id': 10349, 'name': 'survival'}, {'id': 10410, 'name': 'conspiracy'}, {'id': 11196, 'name': 'rebellion'}, {'id': 11221, 'name': 'blood'}, {'id': 11322, 'name': 'female protagonist'}, {'id': 12380, 'name': 'tournament'}, {'id': 14601, 'name': 'explosion'}, {'id': 15017, 'name': 'danger'}, {'id': 156395, 'name': 'imax'}, {'id': 171956, 'name': 'winner'}, {'id': 223438, 'name': 'based on young adult novel'}]"
57158,"[{'id': 603, 'name': 'elves'}, {'id': 604, 'name': 'dwarves'}, {'id': 606, 'name': 'orcs'}, {'id': 611, 'name': 'hobbit'}, {'id': 12554, 'name': 'dragon'}, {'id': 177912, 'name': 'wizard'}, {'id': 234213, 'name': 'sword and sorcery'}]"
109445,"[{'id': 2011, 'name': 'queen'}, {'id': 4344, 'name': 'musical'}, {'id': 7376, 'name': 'princess'}, {'id': 10085, 'name': 'betrayal'}, {'id': 10115, 'name': 'snowman'}, {'id': 10336, 'name': 'animation'}, {'id': 10385, 'name': 'reindeer'}, {'id': 10541, 'name': 'curse'}, {'id': 10794, 'name': 'snow'}, {'id': 11173, 'name': 'troll'}, {'id': 155801, 'name': 'mountain climber'}, {'id': 179430, 'name': 'aftercreditsstinger'}, {'id': 187056, 'name': 'woman director'}, {'id': 209714, 'name': '3d'}]"
106646,"[{'id': 417, 'name': 'corruption'}, {'id': 572, 'name': 'sex'}, {'id': 738, 'name': 'sexuality'}, {'id': 974, 'name': 'bank'}, {'id': 3923, 'name': 'humor'}, {'id': 5565, 'name': 'biography'}, {'id': 5636, 'name': 'wall street'}, {'id': 5809, 'name': 'marriage crisis'}, {'id': 6974, 'name': 'rise and fall'}, {'id': 10631, 'name': 'stockbroker'}, {'id': 14964, 'name': 'drug'}, {'id': 179018, 'name': 'stock broker'}]"
152601,"[{'id': 310, 'name': 'artificial intelligence'}, {'id': 6104, 'name': 'computer'}, {'id': 9673, 'name': 'love'}, {'id': 9957, 'name': 'loneliness'}, {'id': 12375, 'name': 'transhumanism'}, {'id': 34265, 'name': 'heartbreak'}, {'id': 40847, 'name': 'near future'}, {'id': 223540, 'name': 'singularity'}, {'id': 224279, 'name': 'bittersweet'}]"
157350,"[{'id': 818, 'name': 'based on novel'}, {'id': 4565, 'name': 'dystopia'}, {'id': 14751, 'name': 'youth'}, {'id': 162988, 'name': 'dystopic future'}, {'id': 180492, 'name': 'caste system'}, {'id': 211389, 'name': 'divergent'}, {'id': 223438, 'name': 'based on young adult novel'}]"
120467,"[{'id': 612, 'name': 'hotel'}, {'id': 5918, 'name': 'painting'}, {'id': 11159, 'name': 'wartime'}, {'id': 12371, 'name': 'gunfight'}, {'id': 14604, 'name': 'theft'}, {'id': 172772, 'name': 'mentor protg relationship'}, {'id': 181046, 'name': 'european'}, {'id': 188688, 'name': 'hotel lobby'}, {'id': 207257, 'name': 'renaissance painting'}]"
157336,"[{'id': 83, 'name': 'saving the world'}, {'id': 310, 'name': 'artificial intelligence'}, {'id': 494, 'name': 'father son relationship'}, {'id': 641, 'name': 'single parent'}, {'id': 1432, 'name': 'nasa'}, {'id': 1963, 'name': 'expedition'}, {'id': 3417, 'name': 'wormhole'}, {'id': 3801, 'name': 'space travel'}, {'id': 4337, 'name': 'famine'}, {'id': 4380, 'name': 'black hole'}, {'id': 4565, 'name': 'dystopia'}, {'id': 4776, 'name': 'race against time'}, {'id': 8056, 'name': 'quantum mechanics'}, {'id': 9831, 'name': 'spaceship'}, {'id': 9882, 'name': 'space'}, {'id': 10084, 'name': 'rescue'}, {'id': 10235, 'name': 'family relationships'}, {'id': 13127, 'name': 'farmhouse'}, {'id': 14544, 'name': 'robot'}, {'id': 14626, 'name': 'astronaut'}, {'id': 14760, 'name': 'scientist'}, {'id': 15300, 'name': 'father daughter relationship'}, {'id': 33479, 'name': 'single father'}, {'id': 154846, 'name': 'farmer'}, {'id': 156039, 'name': 'space station'}, {'id': 156395, 'name': 'imax'}, {'id': 160331, 'name': 'astrophysics'}, {'id': 162630, 'name': 'zero gravity'}, {'id': 189098, 'name': 'courage'}, {'id': 208757, 'name': 'time paradox'}, {'id': 214349, 'name': 'relativity'}]"
100402,"[{'id': 521, 'name': 'washington d.c.'}, {'id': 2964, 'name': 'future'}, {'id': 5539, 'name': 'shield'}, {'id': 8828, 'name': 'marvel comic'}, {'id': 9715, 'name': 'superhero'}, {'id': 9717, 'name': 'based on comic'}, {'id': 173775, 'name': 'captain america'}, {'id': 179430, 'name': 'aftercreditsstinger'}, {'id': 179431, 'name': 'duringcreditsstinger'}, {'id': 180547, 'name': 'marvel cinematic universe'}, {'id': 209714, 'name': '3d'}, {'id': 209817, 'name': 'political thriller'}]"
102382,"[{'id': 1523, 'name': 'obsession'}, {'id': 8828, 'name': 'marvel comic'}, {'id': 9663, 'name': 'sequel'}, {'id': 9717, 'name': 'based on comic'}, {'id': 13040, 'name': 'electrocution'}, {'id': 33977, 'name': 'medical experiment'}, {'id': 41594, 'name': 'electricity'}, {'id': 163455, 'name': 'super powers'}]"
240832,"[{'id': 310, 'name': 'artificial intelligence'}, {'id': 1475, 'name': 'telepathy'}, {'id': 2051, 'name': 'intelligence'}, {'id': 2235, 'name': 'drug mule'}, {'id': 5086, 'name': 'telekinesis'}, {'id': 9685, 'name': 'futuristic'}, {'id': 14964, 'name': 'drug'}, {'id': 33637, 'name': 'superpower'}, {'id': 34009, 'name': 'tough girl'}, {'id': 156395, 'name': 'imax'}, {'id': 157959, 'name': 'surgery'}, {'id': 234944, 'name': 'brain capacity'}, {'id': 234945, 'name': 'synthetic drug'}, {'id': 234946, 'name': 'human brain'}]"
127585,"[{'id': 1228, 'name': '1970s'}, {'id': 1852, 'name': 'mutant'}, {'id': 4379, 'name': 'time travel'}, {'id': 8828, 'name': 'marvel comic'}, {'id': 9717, 'name': 'based on comic'}, {'id': 10761, 'name': 'superhuman'}, {'id': 14527, 'name': 'storm'}, {'id': 161271, 'name': 'beast'}, {'id': 179430, 'name': 'aftercreditsstinger'}, {'id': 206736, 'name': 'changing the past or future'}]"
102651,"[{'id': 3205, 'name': 'fairy tale'}, {'id': 3289, 'name': 'villain'}, {'id': 7430, 'name': 'sleeping beauty'}, {'id': 177895, 'name': 'dark fantasy'}, {'id': 179411, 'name': 'based on fairy tale'}, {'id': 186846, 'name': 'adaptation'}, {'id': 186847, 'name': 'retelling'}, {'id': 186849, 'name': 'literary adaptation'}, {'id': 209714, 'name': '3d'}]"
137113,"[{'id': 563, 'name': 'deja vu'}, {'id': 1521, 'name': 'time warp'}, {'id': 2062, 'name': 'restart'}, {'id': 4565, 'name': 'dystopia'}, {'id': 6091, 'name': 'war'}, {'id': 9951, 'name': 'alien'}, {'id': 11109, 'name': 'military officer'}, {'id': 13065, 'name': 'soldier'}, {'id': 14909, 'name': 'alien invasion'}, {'id': 204318, 'name': 'exoskeleton'}]"
222935,"[{'id': 587, 'name': 'amsterdam'}, {'id': 818, 'name': 'based on novel'}, {'id': 825, 'name': 'support group'}, {'id': 10163, 'name': 'cancer'}, {'id': 13130, 'name': 'teenager'}, {'id': 165086, 'name': 'star crossed lovers'}, {'id': 193400, 'name': 'teen drama'}, {'id': 210429, 'name': 'oxygen tank'}, {'id': 223438, 'name': 'based on young adult novel'}]"
194662,"[{'id': 8764, 'name': 'times square'}, {'id': 9715, 'name': 'superhero'}, {'id': 11440, 'name': 'long take'}, {'id': 14512, 'name': 'new york city'}, {'id': 14531, 'name': 'play'}, {'id': 156028, 'name': 'broadway'}, {'id': 207716, 'name': 'actor'}]"
244786,"[{'id': 1416, 'name': 'jazz'}, {'id': 1523, 'name': 'obsession'}, {'id': 1640, 'name': 'conservatory'}, {'id': 2176, 'name': 'music teacher'}, {'id': 14512, 'name': 'new york city'}, {'id': 14819, 'name': 'violence'}, {'id': 33896, 'name': 'montage'}, {'id': 156823, 'name': 'drummer'}, {'id': 170418, 'name': 'public humiliation'}, {'id': 176095, 'name': 'jazz band'}, {'id': 206298, 'name': 'young adult'}, {'id': 207739, 'name': 'music school'}]"
210577,"[{'id': 818, 'name': 'based on novel'}, {'id': 5809, 'name': 'marriage crisis'}, {'id': 10941, 'name': 'disappearance'}, {'id': 11513, 'name': 'cheating husband'}, {'id': 156091, 'name': 'missing person'}, {'id': 169962, 'name': 'search party'}, {'id': 191199, 'name': 'criminal lawyer'}, {'id': 199073, 'name': 'wife murder'}, {'id': 207431, 'name': 'murder suspect'}, {'id': 222665, 'name': 'missing wife'}]"
119450,"[{'id': 3077, 'name': 'leader'}, {'id': 4090, 'name': 'colony'}, {'id': 4458, 'name': 'post-apocalyptic'}, {'id': 4565, 'name': 'dystopia'}, {'id': 5774, 'name': 'forest'}, {'id': 9663, 'name': 'sequel'}, {'id': 9720, 'name': 'woods'}, {'id': 14759, 'name': 'ape'}, {'id': 14760, 'name': 'scientist'}, {'id': 15149, 'name': 'monkey'}, {'id': 158025, 'name': 'medical research'}, {'id': 158130, 'name': 'animal attack'}, {'id': 188959, 'name': 'plague'}, {'id': 209714, 'name': '3d'}]"
118340,"[{'id': 8828, 'name': 'marvel comic'}, {'id': 9831, 'name': 'spaceship'}, {'id': 9882, 'name': 'space'}, {'id': 12405, 'name': 'outer space'}, {'id': 13014, 'name': 'orphan'}, {'id': 175428, 'name': 'adventurer'}, {'id': 179430, 'name': 'aftercreditsstinger'}, {'id': 179431, 'name': 'duringcreditsstinger'}, {'id': 180547, 'name': 'marvel cinematic universe'}]"
198663,"[{'id': 818, 'name': 'based on novel'}, {'id': 2158, 'name': 'maze'}, {'id': 4458, 'name': 'post-apocalyptic'}, {'id': 4565, 'name': 'dystopia'}, {'id': 10685, 'name': 'escape'}, {'id': 11469, 'name': 'memory loss'}, {'id': 15261, 'name': 'erased memory'}, {'id': 18029, 'name': 'trapped'}, {'id': 162988, 'name': 'dystopic future'}, {'id': 204967, 'name': 'runner'}, {'id': 223438, 'name': 'based on young adult novel'}]"
190859,"[{'id': 1589, 'name': 'sniper'}, {'id': 5565, 'name': 'biography'}, {'id': 5939, 'name': 'iraq'}, {'id': 11219, 'name': 'navy seal'}, {'id': 33564, 'name': 'u.s. soldier'}]"
245891,"[{'id': 2708, 'name': 'hitman'}, {'id': 8045, 'name': 'russian mafia'}, {'id': 9748, 'name': 'revenge'}, {'id': 9826, 'name': 'murder'}, {'id': 13142, 'name': 'gangster'}, {'id': 15162, 'name': 'dog'}, {'id': 18115, 'name': 'retired'}, {'id': 33476, 'name': 'widower'}]"
228150,"[{'id': 1956, 'name': 'world war ii'}, {'id': 2652, 'name': 'nazis'}, {'id': 6091, 'name': 'war'}, {'id': 11064, 'name': 'nazi germany'}, {'id': 11102, 'name': 'panzer'}, {'id': 11117, 'name': 'tank'}]"
177572,"[{'id': 380, 'name': 'brother brother relationship'}, {'id': 1701, 'name': 'hero'}, {'id': 2276, 'name': 'talent'}, {'id': 9748, 'name': 'revenge'}, {'id': 12392, 'name': 'best friend'}, {'id': 12446, 'name': 'another dimension'}, {'id': 14544, 'name': 'robot'}, {'id': 33353, 'name': 'boy genius'}, {'id': 41509, 'name': 'hate'}, {'id': 179430, 'name': 'aftercreditsstinger'}, {'id': 198423, 'name': 'moral dilemma'}, {'id': 209714, 'name': '3d'}, {'id': 213104, 'name': 'teen superheroes'}, {'id': 215235, 'name': 'dead brother'}]"
264660,"[{'id': 246, 'name': 'dancing'}, {'id': 310, 'name': 'artificial intelligence'}, {'id': 1448, 'name': 'distrust'}, {'id': 1533, 'name': 'isolation'}, {'id': 1576, 'name': 'technology'}, {'id': 2887, 'name': 'manipulation'}, {'id': 6054, 'name': 'friendship'}, {'id': 9758, 'name': 'deception'}, {'id': 10124, 'name': 'laboratory'}, {'id': 14544, 'name': 'robot'}, {'id': 14755, 'name': 'power outage'}, {'id': 159433, 'name': 'surveillance camera'}, {'id': 161219, 'name': 'consciousness'}, {'id': 181324, 'name': 'existentialism'}, {'id': 186523, 'name': 'lockdown'}, {'id': 212737, 'name': 'philosophical'}, {'id': 214820, 'name': 'robot human relationship'}, {'id': 227497, 'name': 'turing test'}, {'id': 233005, 'name': 'cybernetics'}]"
205596,"[{'id': 237, 'name': 'gay'}, {'id': 392, 'name': 'england'}, {'id': 1956, 'name': 'world war ii'}, {'id': 2303, 'name': 'mathematician'}, {'id': 5565, 'name': 'biography'}, {'id': 208394, 'name': 'logician'}, {'id': 208395, 'name': 'cryptography'}]"
131631,"[{'id': 836, 'name': 'resistance'}, {'id': 4458, 'name': 'post-apocalyptic'}, {'id': 4565, 'name': 'dystopia'}, {'id': 6091, 'name': 'war'}, {'id': 9663, 'name': 'sequel'}, {'id': 11322, 'name': 'female protagonist'}, {'id': 18101, 'name': 'bow and arrow'}, {'id': 18249, 'name': 'game'}, {'id': 162484, 'name': 'future war'}, {'id': 162845, 'name': 'revolt'}, {'id': 165299, 'name': 'class prejudice'}, {'id': 207569, 'name': 'human subjugation'}, {'id': 223438, 'name': 'based on young adult novel'}]"
135397,"[{'id': 1299, 'name': 'monster'}, {'id': 1718, 'name': 'dna'}, {'id': 1720, 'name': 'tyrannosaurus rex'}, {'id': 1766, 'name': 'velociraptor'}, {'id': 2041, 'name': 'island'}, {'id': 9663, 'name': 'sequel'}, {'id': 9937, 'name': 'suspense'}, {'id': 10617, 'name': 'disaster'}, {'id': 10685, 'name': 'escape'}, {'id': 12616, 'name': 'dinosaur'}, {'id': 155582, 'name': 'amusement park'}, {'id': 158130, 'name': 'animal attack'}, {'id': 158340, 'name': 'theme park'}, {'id': 178010, 'name': 'jurassic park'}, {'id': 209714, 'name': '3d'}, {'id': 223059, 'name': 'animal horror'}]"
122917,"[{'id': 417, 'name': 'corruption'}, {'id': 603, 'name': 'elves'}, {'id': 604, 'name': 'dwarves'}, {'id': 606, 'name': 'orcs'}, {'id': 609, 'name': 'middle-earth (tolkien)'}, {'id': 611, 'name': 'hobbit'}, {'id': 12554, 'name': 'dragon'}, {'id': 14643, 'name': 'battle'}, {'id': 167982, 'name': 'unlikely friendship'}, {'id': 188270, 'name': 'epic battle'}, {'id': 234213, 'name': 'sword and sorcery'}]"
207703,"[{'id': 470, 'name': 'spy'}, {'id': 1025, 'name': 'great britain'}, {'id': 3271, 'name': 'secret organization'}, {'id': 4289, 'name': 'secret agent'}, {'id': 8828, 'name': 'marvel comic'}, {'id': 9717, 'name': 'based on comic'}, {'id': 158431, 'name': 'united kingdom'}, {'id': 179431, 'name': 'duringcreditsstinger'}]"
76341,"[{'id': 2964, 'name': 'future'}, {'id': 3713, 'name': 'chase'}, {'id': 4458, 'name': 'post-apocalyptic'}, {'id': 4565, 'name': 'dystopia'}, {'id': 5657, 'name': 'australia'}, {'id': 10084, 'name': 'rescue'}, {'id': 10349, 'name': 'survival'}, {'id': 10562, 'name': 'on the run'}, {'id': 155499, 'name': 'convoy'}, {'id': 190954, 'name': 'peak oil'}, {'id': 212516, 'name': 'dark future'}]"
140607,"[{'id': 803, 'name': 'android'}, {'id': 9831, 'name': 'spaceship'}, {'id': 10527, 'name': 'jedi'}, {'id': 156395, 'name': 'imax'}, {'id': 161176, 'name': 'space opera'}, {'id': 209714, 'name': '3d'}]"
99861,"[{'id': 8828, 'name': 'marvel comic'}, {'id': 9663, 'name': 'sequel'}, {'id': 9715, 'name': 'superhero'}, {'id': 9717, 'name': 'based on comic'}, {'id': 10629, 'name': 'vision'}, {'id': 155030, 'name': 'superhero team'}, {'id': 179431, 'name': 'duringcreditsstinger'}, {'id': 180547, 'name': 'marvel cinematic universe'}, {'id': 209714, 'name': '3d'}]"
102899,"[{'id': 8828, 'name': 'marvel comic'}, {'id': 9715, 'name': 'superhero'}, {'id': 9717, 'name': 'based on comic'}, {'id': 179430, 'name': 'aftercreditsstinger'}, {'id': 179431, 'name': 'duringcreditsstinger'}, {'id': 180547, 'name': 'marvel cinematic universe'}, {'id': 209714, 'name': '3d'}]"
293660,"[{'id': 2095, 'name': 'anti hero'}, {'id': 3070, 'name': 'mercenary'}, {'id': 8828, 'name': 'marvel comic'}, {'id': 9715, 'name': 'superhero'}, {'id': 9717, 'name': 'based on comic'}, {'id': 11687, 'name': 'breaking the fourth wall'}, {'id': 179430, 'name': 'aftercreditsstinger'}, {'id': 179431, 'name': 'duringcreditsstinger'}, {'id': 223060, 'name': 'self healing'}]"
283995,"[{'id': 9663, 'name': 'sequel'}, {'id': 9715, 'name': 'superhero'}, {'id': 9717, 'name': 'based on comic'}, {'id': 9789, 'name': 'misfit'}, {'id': 9882, 'name': 'space'}, {'id': 12405, 'name': 'outer space'}, {'id': 179430, 'name': 'aftercreditsstinger'}, {'id': 179431, 'name': 'duringcreditsstinger'}]"
271110,"[{'id': 393, 'name': 'civil war'}, {'id': 6091, 'name': 'war'}, {'id': 8828, 'name': 'marvel comic'}, {'id': 9663, 'name': 'sequel'}, {'id': 9715, 'name': 'superhero'}, {'id': 9717, 'name': 'based on comic'}, {'id': 156395, 'name': 'imax'}, {'id': 179430, 'name': 'aftercreditsstinger'}, {'id': 179431, 'name': 'duringcreditsstinger'}, {'id': 180547, 'name': 'marvel cinematic universe'}, {'id': 209714, 'name': '3d'}]"
284052,"[{'id': 2343, 'name': 'magic'}, {'id': 8828, 'name': 'marvel comic'}, {'id': 9715, 'name': 'superhero'}, {'id': 9717, 'name': 'based on comic'}, {'id': 10821, 'name': 'sorcerer'}, {'id': 13005, 'name': 'doctor'}, {'id': 155583, 'name': 'neurosurgeon'}, {'id': 177912, 'name': 'wizard'}, {'id': 179430, 'name': 'aftercreditsstinger'}, {'id': 179431, 'name': 'duringcreditsstinger'}, {'id': 180547, 'name': 'marvel cinematic universe'}]"
246655,"[{'id': 1852, 'name': 'mutant'}, {'id': 4769, 'name': 'supernatural powers'}, {'id': 8828, 'name': 'marvel comic'}, {'id': 9715, 'name': 'superhero'}, {'id': 9717, 'name': 'based on comic'}, {'id': 10761, 'name': 'superhuman'}, {'id': 12332, 'name': 'apocalypse'}, {'id': 155030, 'name': 'superhero team'}, {'id': 176217, 'name': 'world domination'}, {'id': 179430, 'name': 'aftercreditsstinger'}, {'id': 208289, 'name': '1980s'}]"
273248,"[{'id': 801, 'name': 'bounty hunter'}, {'id': 1016, 'name': 'wyoming'}, {'id': 1262, 'name': 'mountain'}, {'id': 2398, 'name': 'narration'}, {'id': 7150, 'name': 'hangman'}, {'id': 33600, 'name': 'stagecoach'}, {'id': 156783, 'name': 'blizzard'}, {'id': 187321, 'name': 'post civil war'}]"
262500,"[{'id': 818, 'name': 'based on novel'}, {'id': 2020, 'name': 'revolution'}, {'id': 4565, 'name': 'dystopia'}, {'id': 9663, 'name': 'sequel'}, {'id': 162988, 'name': 'dystopic future'}, {'id': 206298, 'name': 'young adult'}, {'id': 209714, 'name': '3d'}, {'id': 211389, 'name': 'divergent'}]"
168259,"[{'id': 830, 'name': 'car race'}, {'id': 3428, 'name': 'speed'}, {'id': 9748, 'name': 'revenge'}, {'id': 9937, 'name': 'suspense'}, {'id': 33885, 'name': 'car'}, {'id': 40870, 'name': 'race'}, {'id': 205399, 'name': 'muscle car'}]"
286217,"[{'id': 818, 'name': 'based on novel'}, {'id': 839, 'name': 'mars'}, {'id': 1432, 'name': 'nasa'}, {'id': 1533, 'name': 'isolation'}, {'id': 4003, 'name': 'botanist'}, {'id': 9743, 'name': 'stranded'}, {'id': 9831, 'name': 'spaceship'}, {'id': 9882, 'name': 'space'}, {'id': 10160, 'name': 'engineering'}, {'id': 10349, 'name': 'survival'}, {'id': 14626, 'name': 'astronaut'}, {'id': 156810, 'name': 'science'}, {'id': 168603, 'name': 'deep space explorer'}, {'id': 179431, 'name': 'duringcreditsstinger'}, {'id': 196367, 'name': 'battle for survival'}]"
150540,"[{'id': 1566, 'name': 'dream'}, {'id': 6513, 'name': 'cartoon'}, {'id': 7942, 'name': 'imaginary friend'}, {'id': 10336, 'name': 'animation'}, {'id': 18035, 'name': 'family'}, {'id': 18253, 'name': 'moving'}, {'id': 161155, 'name': 'kids'}, {'id': 163227, 'name': 'unicorn'}, {'id': 179431, 'name': 'duringcreditsstinger'}, {'id': 209714, 'name': '3d'}, {'id': 211269, 'name': 'emotions'}]"
131634,"[{'id': 2020, 'name': 'revolution'}, {'id': 2660, 'name': 'strong woman'}, {'id': 4565, 'name': 'dystopia'}, {'id': 157376, 'name': 'game of death'}, {'id': 209714, 'name': '3d'}, {'id': 223438, 'name': 'based on young adult novel'}]"
259316,"[{'id': 642, 'name': 'robbery'}, {'id': 2343, 'name': 'magic'}, {'id': 3822, 'name': 'teleportation'}, {'id': 4702, 'name': 'suitcase'}, {'id': 14512, 'name': 'new york city'}, {'id': 159451, 'name': 'subway station'}, {'id': 161287, 'name': 'central park'}, {'id': 177912, 'name': 'wizard'}, {'id': 189094, 'name': 'goblin'}, {'id': 195269, 'name': 'magical creature'}]"
297761,"[{'id': 849, 'name': 'dc comics'}, {'id': 1296, 'name': 'shared universe'}, {'id': 2095, 'name': 'anti hero'}, {'id': 3269, 'name': 'secret mission'}, {'id': 3289, 'name': 'villain'}, {'id': 9715, 'name': 'superhero'}, {'id': 194404, 'name': 'supervillain'}, {'id': 229266, 'name': 'dc extended universe'}]"
211672,"[{'id': 3487, 'name': 'assistant'}, {'id': 179430, 'name': 'aftercreditsstinger'}, {'id': 179431, 'name': 'duringcreditsstinger'}, {'id': 189481, 'name': 'evil mastermind'}, {'id': 190999, 'name': 'minions'}, {'id': 209714, 'name': '3d'}]"
206647,"[{'id': 470, 'name': 'spy'}, {'id': 818, 'name': 'based on novel'}, {'id': 4289, 'name': 'secret agent'}, {'id': 9663, 'name': 'sequel'}, {'id': 14555, 'name': 'mi6'}, {'id': 156095, 'name': 'british secret service'}, {'id': 158431, 'name': 'united kingdom'}]"
209112,"[{'id': 849, 'name': 'dc comics'}, {'id': 7002, 'name': 'vigilante'}, {'id': 9715, 'name': 'superhero'}, {'id': 9717, 'name': 'based on comic'}, {'id': 9748, 'name': 'revenge'}, {'id': 163455, 'name': 'super powers'}, {'id': 195242, 'name': 'clark kent'}, {'id': 195243, 'name': 'bruce wayne'}, {'id': 229266, 'name': 'dc extended universe'}]"
281957,"[{'id': 494, 'name': 'father son relationship'}, {'id': 570, 'name': 'rape'}, {'id': 818, 'name': 'based on novel'}, {'id': 1262, 'name': 'mountain'}, {'id': 1442, 'name': 'winter'}, {'id': 2522, 'name': 'grizzly bear'}, {'id': 3593, 'name': 'wilderness'}, {'id': 9454, 'name': 'frontier'}, {'id': 9748, 'name': 'revenge'}, {'id': 9826, 'name': 'murder'}, {'id': 10322, 'name': 'native american'}, {'id': 10349, 'name': 'survival'}, {'id': 10468, 'name': 'bear'}, {'id': 10794, 'name': 'snow'}, {'id': 14819, 'name': 'violence'}, {'id': 157164, 'name': 'animal death'}, {'id': 158175, 'name': 'bear attack'}, {'id': 159138, 'name': 'death of son'}, {'id': 185722, 'name': 'based on true events'}, {'id': 194976, 'name': 'fur trapper'}]"
297762,"[{'id': 849, 'name': 'dc comics'}, {'id': 1701, 'name': 'hero'}, {'id': 2036, 'name': 'greek mythology'}, {'id': 2041, 'name': 'island'}, {'id': 2504, 'name': 'world war i'}, {'id': 9715, 'name': 'superhero'}, {'id': 9717, 'name': 'based on comic'}, {'id': 10843, 'name': 'superheroine'}, {'id': 15060, 'name': 'period drama'}, {'id': 156525, 'name': 'heroine'}, {'id': 163455, 'name': 'super powers'}, {'id': 187056, 'name': 'woman director'}, {'id': 210184, 'name': '1910s'}, {'id': 229266, 'name': 'dc extended universe'}]"
269149,"[{'id': 2527, 'name': 'fox'}, {'id': 10360, 'name': 'prejudice'}, {'id': 10410, 'name': 'conspiracy'}, {'id': 10616, 'name': 'urban'}, {'id': 11322, 'name': 'female protagonist'}, {'id': 11500, 'name': 'anthropomorphism'}, {'id': 15199, 'name': 'rabbit'}, {'id': 155716, 'name': 'rookie cop'}, {'id': 156091, 'name': 'missing person'}, {'id': 163119, 'name': 'injustice'}, {'id': 168567, 'name': 'stereotype'}, {'id': 186782, 'name': 'discrimination'}, {'id': 209714, 'name': '3d'}, {'id': 236792, 'name': 'animals'}]"
269149,"[{'id': 2527, 'name': 'fox'}, {'id': 10360, 'name': 'prejudice'}, {'id': 10410, 'name': 'conspiracy'}, {'id': 10616, 'name': 'urban'}, {'id': 11322, 'name': 'female protagonist'}, {'id': 11500, 'name': 'anthropomorphism'}, {'id': 15199, 'name': 'rabbit'}, {'id': 155716, 'name': 'rookie cop'}, {'id': 156091, 'name': 'missing person'}, {'id': 163119, 'name': 'injustice'}, {'id': 168567, 'name': 'stereotype'}, {'id': 186782, 'name': 'discrimination'}, {'id': 209714, 'name': '3d'}, {'id': 236792, 'name': 'animals'}]"
127380,"[{'id': 1357, 'name': 'fish'}, {'id': 1453, 'name': 'amnesia'}, {'id': 9663, 'name': 'sequel'}, {'id': 10336, 'name': 'animation'}, {'id': 11477, 'name': 'talking animal'}, {'id': 11500, 'name': 'anthropomorphism'}, {'id': 14785, 'name': 'underwater'}]"
329865,"[{'id': 1612, 'name': 'spacecraft'}, {'id': 5996, 'name': 'language'}, {'id': 6203, 'name': 'loss'}, {'id': 9840, 'name': 'romance'}, {'id': 9951, 'name': 'alien'}, {'id': 11322, 'name': 'female protagonist'}, {'id': 14760, 'name': 'scientist'}, {'id': 18035, 'name': 'family'}, {'id': 34265, 'name': 'heartbreak'}, {'id': 156866, 'name': 'based on short story'}, {'id': 157171, 'name': 'nonlinear timeline'}, {'id': 162365, 'name': 'military'}, {'id': 162459, 'name': 'alien language'}, {'id': 165278, 'name': 'linguist'}, {'id': 211248, 'name': 'first contact'}, {'id': 212542, 'name': 'communication'}, {'id': 220414, 'name': 'linguistics'}]"
313369,"[{'id': 1416, 'name': 'jazz'}, {'id': 1691, 'name': 'dance'}, {'id': 2983, 'name': 'passion'}, {'id': 4344, 'name': 'musical'}, {'id': 4623, 'name': 'casting'}, {'id': 12670, 'name': 'los angeles'}, {'id': 14743, 'name': 'pianist'}, {'id': 163110, 'name': 'theater'}, {'id': 184793, 'name': 'movie set'}, {'id': 207583, 'name': 'actress'}]"
330459,"[{'id': 526, 'name': 'rebel'}, {'id': 2902, 'name': 'space battle'}, {'id': 3801, 'name': 'space travel'}, {'id': 6091, 'name': 'war'}, {'id': 9675, 'name': 'prequel'}, {'id': 9831, 'name': 'spaceship'}, {'id': 9882, 'name': 'space'}, {'id': 9951, 'name': 'alien'}, {'id': 10013, 'name': 'death star'}, {'id': 10527, 'name': 'jedi'}, {'id': 11196, 'name': 'rebellion'}, {'id': 11322, 'name': 'female protagonist'}, {'id': 11606, 'name': 'space western'}, {'id': 12371, 'name': 'gunfight'}, {'id': 12993, 'name': 'suicide mission'}, {'id': 14544, 'name': 'robot'}, {'id': 15285, 'name': 'spin off'}, {'id': 18069, 'name': 'laser gun'}, {'id': 161176, 'name': 'space opera'}, {'id': 162459, 'name': 'alien language'}, {'id': 171051, 'name': 'against the odds'}, {'id': 207556, 'name': 'blind man'}]"
381288,"[{'id': 516, 'name': 'child abuse'}, {'id': 1930, 'name': 'kidnapping'}, {'id': 10292, 'name': 'gore'}, {'id': 10333, 'name': 'stalking'}, {'id': 10809, 'name': 'teenage girl'}, {'id': 11221, 'name': 'blood'}, {'id': 14819, 'name': 'violence'}, {'id': 41329, 'name': 'mental illness'}, {'id': 163455, 'name': 'super powers'}, {'id': 169411, 'name': 'multiple personality'}, {'id': 208370, 'name': 'traumatic childhood'}, {'id': 212803, 'name': 'dissociative identity disorder'}]"
274870,"[{'id': 255, 'name': 'male nudity'}, {'id': 803, 'name': 'android'}, {'id': 1423, 'name': 'asteroid'}, {'id': 1533, 'name': 'isolation'}, {'id': 1879, 'name': 'shower'}, {'id': 2483, 'name': 'nudity'}, {'id': 5046, 'name': 'automation'}, {'id': 6567, 'name': 'hibernation'}, {'id': 8181, 'name': 'swimming pool'}, {'id': 9831, 'name': 'spaceship'}, {'id': 9882, 'name': 'space'}, {'id': 12405, 'name': 'outer space'}, {'id': 14544, 'name': 'robot'}, {'id': 156039, 'name': 'space station'}, {'id': 170682, 'name': 'lying'}, {'id': 180466, 'name': 'gravity'}, {'id': 191586, 'name': 'trapped in space'}, {'id': 208840, 'name': 'malfunction'}, {'id': 209714, 'name': '3d'}]"
263115,"[{'id': 679, 'name': 'cyborg'}, {'id': 1706, 'name': 'experiment'}, {'id': 1824, 'name': 'self-destruction'}, {'id': 1852, 'name': 'mutant'}, {'id': 2964, 'name': 'future'}, {'id': 4565, 'name': 'dystopia'}, {'id': 4978, 'name': 'immortality'}, {'id': 8828, 'name': 'marvel comic'}, {'id': 9663, 'name': 'sequel'}, {'id': 9715, 'name': 'superhero'}, {'id': 9717, 'name': 'based on comic'}, {'id': 156855, 'name': 'scientific experiment'}, {'id': 163455, 'name': 'super powers'}, {'id': 168713, 'name': 'neo-western'}, {'id': 181053, 'name': 'troubled past'}, {'id': 233820, 'name': 'life on the margin'}]"
321612,"[{'id': 254, 'name': 'france'}, {'id': 2343, 'name': 'magic'}, {'id': 3098, 'name': 'castle'}, {'id': 3205, 'name': 'fairy tale'}, {'id': 4344, 'name': 'musical'}, {'id': 10541, 'name': 'curse'}, {'id': 11500, 'name': 'anthropomorphism'}, {'id': 13031, 'name': 'creature'}, {'id': 15365, 'name': 'held captive'}, {'id': 33505, 'name': 'gothic'}, {'id': 160279, 'name': '18th century'}, {'id': 161271, 'name': 'beast'}, {'id': 209714, 'name': '3d'}]"
337339,"[{'id': 339, 'name': 'submarine'}, {'id': 9663, 'name': 'sequel'}, {'id': 10085, 'name': 'betrayal'}, {'id': 10604, 'name': 'fast cars'}, {'id': 11107, 'name': 'rescue mission'}, {'id': 14512, 'name': 'new york city'}, {'id': 18023, 'name': 'criminal mastermind'}, {'id': 155755, 'name': 'mysterious woman'}, {'id': 209714, 'name': '3d'}]"
